Date,Open,High,Low,Close,Volume
1/4/2010,86.705,87.4819,86.015,87.4353,154164947
1/5/2010,87.3929,87.6975,87.0771,87.667,144619532
1/6/2010,87.5854,87.9358,87.5089,87.7137,150444938
1/7/2010,87.5712,88.2019,87.3358,88.1023,169908131
1/8/2010,87.8564,88.4334,87.6859,88.3952,163831612
1/11/2010,88.7855,88.8211,88.1397,88.5215,137874348
1/12/2010,87.9261,88.1204,87.3608,87.6859,211697735
1/13/2010,87.909,88.6862,87.4736,88.4334,209738666
1/14/2010,88.3341,88.8298,88.2803,88.6792,150068238
1/15/2010,88.5215,88.6067,87.3538,87.6764,275141779
1/19/2010,87.6582,88.8211,87.6399,88.7855,180382739
1/20/2010,88.175,88.3081,87.1749,87.8564,280594536
1/21/2010,87.8832,88.1665,86.0512,86.1662,446975101
1/22/2010,85.7909,86.1988,84.1666,84.2625,448378647
1/25/2010,85.031,85.1955,84.405,84.6826,242291111
1/26/2010,84.3544,85.2376,84.1324,84.3267,273697429
1/27/2010,84.23,84.9285,83.5828,84.7352,352364511
1/28/2010,85.0136,85.0665,83.2536,83.7765,409704858
1/29/2010,84.1324,84.7084,82.7215,82.8497,402671654
2/1/2010,83.4335,84.1504,82.9397,84.1504,243493172
2/2/2010,84.2863,85.342,84.0031,85.1678,280384215
2/3/2010,84.7668,85.2464,84.4893,84.7352,223877480
2/4/2010,84.0815,84.1256,82.1109,82.1271,462341892
2/5/2010,82.217,82.4659,80.6876,82.2889,639740359
2/8/2010,82.3578,82.8086,81.6342,81.6993,290544381
2/9/2010,82.6525,83.4335,81.9913,82.7215,437851669
2/10/2010,82.5941,83.0153,81.8687,82.5625,311728828
2/11/2010,82.4573,83.5236,81.9767,83.4258,289798751
2/12/2010,82.5445,83.4059,82.1769,83.358,394822966
2/16/2010,83.9858,84.743,83.6565,84.6576,206492545
2/17/2010,85.0834,85.1955,84.6576,85.0751,218841375
2/18/2010,84.9285,85.764,84.8883,85.589,251067139
2/19/2010,85.3594,86.0606,85.1516,85.764,288623529
2/22/2010,86.0427,86.0706,85.5258,85.7727,171535731
2/23/2010,85.5497,85.7909,84.4978,84.7171,268938384
2/24/2010,84.9698,85.6598,84.7504,85.5162,228569405
2/25/2010,84.2776,85.4694,84.0461,85.3966,336514535
2/26/2010,85.4787,85.7468,84.9543,85.4599,224990360
3/1/2010,85.7909,86.4101,85.7814,86.3211,191447624
3/2/2010,86.705,86.9883,86.4101,86.5679,208663481
3/3/2010,86.7901,87.1653,86.4196,86.6436,195433542
3/4/2010,86.7671,87.0323,86.4284,86.9128,175973012
3/5/2010,87.4736,88.2105,87.2716,88.1492,228268909
3/8/2010,88.1569,88.36,88.0056,88.1665,148574314
3/9/2010,87.8919,88.7235,87.8378,88.3081,200322108
3/10/2010,88.3511,88.9454,88.2718,88.7041,241191147
3/11/2010,88.5023,89.1063,88.2201,89.0795,208512436
3/12/2010,89.471,89.4893,88.8298,89.0882,210066361
3/15/2010,88.9285,89.1683,88.4238,89.1149,190290400
3/16/2010,89.3646,89.8941,89.1149,89.803,218543917
3/17/2010,90.0836,90.6483,89.8126,90.3477,230017772
3/18/2010,90.3574,90.4932,89.9408,90.3008,254696906
3/19/2010,90.2366,90.4932,89.1415,89.4893,293751298
3/22/2010,88.9723,90.1198,88.9093,89.9573,239103006
3/23/2010,90.0836,90.6721,89.7849,90.5813,237111976
3/24/2010,90.2444,90.6001,89.1683,90.1478,254274732
3/25/2010,90.7544,91.1757,89.8855,89.9916,289545635
3/26/2010,90.1746,90.5909,89.5973,89.9485,266750002
3/29/2010,90.4128,90.6721,90.0263,90.52,174343997
3/30/2010,90.6289,90.8979,90.2002,90.5735,188936756
3/31/2010,90.2283,90.6721,89.9666,90.274,208775314
4/1/2010,90.8732,91.2407,90.3477,90.8732,208952231
4/5/2010,91.2407,91.6981,90.9728,91.6254,137189904
4/6/2010,91.3698,92.0083,91.2597,91.8436,143069748
4/7/2010,91.6617,92.101,90.8817,91.3144,239230780
4/8/2010,90.9994,91.789,90.7266,91.634,205697481
4/9/2010,91.8265,92.2886,91.6617,92.2514,172390752
4/12/2010,92.3499,92.616,92.2609,92.3777,142933386
4/13/2010,92.2973,92.6083,91.8168,92.463,162175541
4/14/2010,92.7949,93.511,92.6438,93.511,209462669
4/15/2010,93.3329,93.8056,93.3052,93.5855,187436924
4/16/2010,93.2497,93.576,91.6254,92.101,475515640
4/19/2010,91.8168,92.5356,91.4052,92.4437,282483791
4/20/2010,93.017,93.3232,92.4906,93.2678,204406493
4/21/2010,93.3052,93.5386,92.5893,93.0831,250032268
4/22/2010,92.4437,93.4927,91.9098,93.3617,310014191
4/23/2010,93.3052,94.0287,93.0544,93.9857,229845824
4/26/2010,94.0105,94.2086,93.5386,93.6431,185936011
4/27/2010,93.0735,93.6237,91.2407,91.415,461224851
4/28/2010,91.8533,92.3413,91.2504,92.1107,389710592
4/29/2010,92.6618,93.4371,92.6341,93.2497,251153168
4/30/2010,93.2678,93.3521,91.6435,91.6715,349950218
5/3/2010,92.1107,93.1023,91.9749,92.8609,236860873
5/4/2010,91.8168,91.8341,90.2097,90.6721,467056812
5/5/2010,89.9313,90.8732,89.4893,90.1295,426384683
5/6/2010,89.7035,90.274,81.0103,87.1471,839043846
5/7/2010,86.9128,87.7569,84.405,85.8321,826344854
5/10/2010,89.3646,89.9916,88.6699,89.625,513465479
5/11/2010,88.7855,90.5564,88.6699,89.383,411967487
5/12/2010,89.7227,90.7449,89.5705,90.6195,305372108
5/13/2010,90.3764,90.7995,89.4251,89.4986,303880367
5/14/2010,88.8135,88.9897,87.0947,87.8564,447937529
5/17/2010,88.1119,88.36,86.2255,87.909,422458551
5/18/2010,88.642,88.8919,86.4284,86.7327,467371136
5/19/2010,86.2255,87.0045,85.1516,86.2177,511650904
5/20/2010,84.3791,84.7764,82.9131,82.9648,687486205
5/21/2010,81.7155,84.3791,81.2895,84.1858,649232502
5/24/2010,83.7379,84.3888,83.0249,83.0948,349719697
5/25/2010,81.0983,83.2219,80.5335,83.1904,513913395
5/26/2010,83.6987,84.4558,82.4402,82.6868,453273888
5/27/2010,84.2451,85.4954,83.9313,85.4694,389960569
5/28/2010,85.3727,85.4406,83.9772,84.3791,386153851
6/1/2010,83.5983,84.8262,82.8354,82.9559,360200530
6/2/2010,83.3915,85.1353,82.9464,85.1259,311381662
6/3/2010,85.3813,85.7028,84.5411,85.4321,293721695
6/4/2010,83.8003,84.3455,82.1435,82.4161,516467294
6/7/2010,82.7118,83.0249,81.3299,81.39,342961872
6/8/2010,81.4484,82.4248,80.7422,82.2592,463714052
6/9/2010,82.7378,83.5522,81.4754,81.8208,347387029
6/10/2010,83.2135,84.3027,81.8114,84.2213,412020467
6/11/2010,83.4702,84.6664,83.4192,84.6116,277533108
6/14/2010,85.2807,85.7468,84.3964,84.4893,268548360
6/15/2010,85.0922,86.4857,84.9364,86.4101,308821865
6/16/2010,85.9518,86.7509,85.7909,86.3853,280443924
6/17/2010,86.6362,86.6705,85.6933,86.5136,341117093
6/18/2010,86.2779,86.5136,85.9192,86.191,225531238
6/21/2010,87.2792,87.3538,85.4954,85.9431,276253245
6/22/2010,85.9431,86.3308,84.405,84.5312,310230294
6/23/2010,84.5887,84.8883,83.6987,84.2692,330117004
6/24/2010,83.8719,83.962,82.661,82.8755,348253867
6/25/2010,83.1225,83.6565,82.375,83.2219,309415243
6/28/2010,83.3493,83.5753,82.661,82.9559,219474116
6/29/2010,81.7988,82.9464,79.8942,80.4005,484433782
6/30/2010,80.1766,80.9183,79.3735,79.6385,368226395
7/1/2010,79.585,79.8474,78.024,79.2834,496311777
7/2/2010,79.5553,79.7945,78.403,78.8511,302492308
7/6/2010,79.962,80.5258,78.6041,79.3688,333017316
7/7/2010,79.5707,81.9674,79.4835,81.8687,328912894
7/8/2010,82.5532,82.7675,81.7155,82.6777,273274023
7/9/2010,82.6525,83.3073,82.4946,83.2976,187935438
7/12/2010,83.0153,83.5139,82.6699,83.3493,170157614
7/13/2010,84.2213,84.9364,84.0375,84.6051,276104509
7/14/2010,84.3267,84.9285,83.9858,84.5966,239036913
7/15/2010,84.5629,84.9124,83.4526,84.6116,301134955
7/16/2010,84.1666,84.2625,82.1271,82.2889,366400999
7/19/2010,82.5941,83.0421,81.9527,82.7768,241994963
7/20/2010,81.6831,83.7686,81.6428,83.6987,334606179
7/21/2010,84.1324,84.1504,82.265,82.602,342855446
7/22/2010,83.5914,84.8174,83.5828,84.4471,356146176
7/23/2010,84.2776,85.3238,84.0375,85.1955,287762871
7/26/2010,85.3505,86.1516,85.101,86.0512,236055554
7/27/2010,86.5403,86.6436,85.7402,86.0427,265514853
7/28/2010,85.8722,86.1433,85.2283,85.5258,211338376
7/29/2010,86.0245,86.2687,84.405,85.101,285336877
7/30/2010,84.23,85.5497,84.0815,85.0834,285235134
8/2/2010,86.4006,87.1471,86.0339,86.995,244009403
8/3/2010,86.7834,87.0045,86.2856,86.5845,190083597
8/4/2010,86.8246,87.2716,86.5318,87.1653,205007477
8/5/2010,86.6092,87.1298,86.4706,87.0771,182069089
8/6/2010,86.1988,86.861,85.589,86.7231,310713693
8/9/2010,87.1298,87.3358,86.6619,87.1806,156570316
8/10/2010,86.4284,87.1749,85.9192,86.7135,314845599
8/11/2010,85.3813,85.4138,84.1944,84.3178,354366474
8/12/2010,83.0536,84.1149,83.0153,83.8183,310472962
8/13/2010,83.5609,84.0652,83.4613,83.5668,205690334
8/16/2010,82.9904,83.8003,82.6957,83.5331,191688224
8/17/2010,84.2451,85.1774,84.0031,84.5495,223280784
8/18/2010,84.5064,85.1678,84.0192,84.7007,237086683
8/19/2010,84.2625,84.474,82.8803,83.2298,344567135
8/20/2010,82.9827,83.2785,82.3664,82.9559,271812144
8/23/2010,83.358,83.7765,82.602,82.6431,203211432
8/24/2010,81.7462,82.085,80.9864,81.4176,363678521
8/25/2010,80.9699,82.0459,80.4628,81.7385,352865289
8/26/2010,82.1271,82.2335,80.9222,81.1891,290840727
8/27/2010,81.6993,82.5281,80.4799,82.4496,298734027
8/30/2010,82.2335,82.4803,81.2467,81.2533,216481875
8/31/2010,80.9537,81.7671,80.6177,81.2561,354881768
9/1/2010,82.3481,83.8003,82.2889,83.6805,347033641
9/2/2010,83.8901,84.474,83.7073,84.4558,202182371
9/3/2010,85.2991,85.6513,84.8262,85.5728,221049514
9/7/2010,85.1602,85.2714,84.5153,84.5887,183980270
9/8/2010,84.7504,85.542,84.7171,85.1955,194694961
9/9/2010,86.1336,86.1584,85.3594,85.589,190519862
9/10/2010,85.7468,86.0982,85.5593,86.0024,135361327
9/13/2010,86.8705,87.1567,86.5136,86.9728,230952659
9/14/2010,86.7988,87.4086,86.4706,86.9201,271891891
9/15/2010,86.6619,87.3608,86.4006,87.2504,218470360
9/16/2010,86.9815,87.2792,86.6877,87.2313,259106561
9/17/2010,87.2235,87.3079,86.5498,86.7901,198778214
9/20/2010,87.1039,88.3081,86.8159,88.1204,278312155
9/21/2010,88.1847,88.6067,87.5778,87.9358,348011425
9/22/2010,87.7854,88.2985,87.2716,87.5004,247929352
9/23/2010,86.7901,87.6898,86.5498,86.7988,262101594
9/24/2010,87.7501,88.6603,87.6859,88.5875,196799453
9/27/2010,88.6242,88.7235,88.0745,88.1665,166891263
9/28/2010,88.2803,88.7685,87.3358,88.4745,271122490
9/29/2010,88.2449,88.6699,87.9616,88.3148,232804372
9/30/2010,88.7772,89.3485,87.6399,88.0573,372020690
10/1/2010,88.695,88.8135,87.8919,88.4238,201692259
10/4/2010,88.2382,88.6162,87.3358,87.7501,215236618
10/5/2010,88.5715,89.7408,88.4745,89.5361,297589886
10/6/2010,89.5181,89.7505,89.1592,89.5263,192613269
10/7/2010,89.8757,89.9035,88.8737,89.4251,213632378
10/8/2010,89.5447,90.1658,89.1944,89.9133,179707435
10/11/2010,90.0548,90.2444,89.6961,89.9916,133481382
10/12/2010,89.7035,90.5477,89.2315,90.2825,235847264
10/13/2010,90.7814,91.4589,90.5564,90.9728,251685600
10/14/2010,90.8817,91.0463,90.0548,90.6289,281969519
10/15/2010,91.2597,91.3046,90.0836,90.809,270148587
10/18/2010,90.8367,91.5498,90.5114,91.4504,183336168
10/19/2010,90.4309,90.9077,89.5181,90.0643,363569327
10/20/2010,90.2195,91.3872,90.1746,90.9258,259198008
10/21/2010,91.3518,91.8811,90.4501,91.1479,287078548
10/22/2010,91.2685,91.4408,91.0378,91.3046,121474633
10/25/2010,91.9288,92.3969,91.497,91.5777,195827180
10/26/2010,91.1221,91.6981,90.9258,91.5966,205996243
10/27/2010,90.9449,91.4234,90.4836,91.3335,246213682
10/28/2010,91.8619,91.9,90.8979,91.3518,218453172
10/29/2010,91.2597,91.5966,91.1038,91.4234,162546556
11/1/2010,91.8619,92.3873,90.9077,91.4408,225620176
11/2/2010,92.1479,92.3873,91.8905,92.195,205233295
11/3/2010,92.3413,92.5987,91.3956,92.5549,293831204
11/4/2010,93.576,94.357,92.5719,94.3186,278714120
11/5/2010,94.3763,94.8489,94.2553,94.7073,197153678
11/8/2010,94.3763,94.6692,94.0766,94.5081,201965400
11/9/2010,94.7733,94.8586,93.445,93.8249,241763022
11/10/2010,93.8056,94.2372,93.0831,94.1893,286675714
11/11/2010,93.3903,93.9914,93.1023,93.8527,204610593
11/12/2010,93.2219,93.6431,92.3145,92.7289,271426930
11/15/2010,93.0353,93.3903,92.5807,92.5987,212229037
11/16/2010,92.0455,92.2044,90.718,91.1661,389064281
11/17/2010,91.2119,91.5871,90.9172,91.2217,223163322
11/18/2010,92.101,92.8868,92.101,92.5633,256177594
11/19/2010,92.5068,92.8515,92.0083,92.8132,156323123
11/22/2010,92.3413,92.7672,91.634,92.7195,235252475
11/23/2010,91.634,91.8168,91.0283,91.3956,287927467
11/24/2010,91.9749,92.7573,91.9566,92.7289,181563464
11/26/2010,91.9375,92.4437,91.6617,91.6617,68006386
11/29/2010,91.4234,92.195,90.8367,91.9375,289724326
11/30/2010,91.0187,91.9471,90.8732,91.4234,303086970
12/1/2010,92.7289,93.5386,92.7195,93.3521,286409593
12/2/2010,93.5205,94.6404,93.4544,94.5742,247786958
12/3/2010,94.2277,94.916,94.1991,94.8298,148391489
12/6/2010,94.6211,94.9255,94.5167,94.7263,133339490
12/7/2010,95.6147,95.672,94.7263,94.7819,267599585
12/8/2010,94.8777,95.1935,94.442,95.1168,178807014
12/9/2010,95.6434,95.6817,95.0032,95.4807,160114909
12/10/2010,95.7869,96.1505,95.4517,96.055,127283678
12/13/2010,96.4955,96.6296,96.0836,96.1124,173361015
12/14/2010,96.2757,96.6486,95.9017,96.2082,190703844
12/15/2010,96.0356,96.4091,95.5763,95.7581,206810787
12/16/2010,95.8155,96.3996,95.4712,96.3225,239745503
12/17/2010,95.7391,96.0356,95.5382,95.9113,115479390
12/20/2010,96.1793,96.3996,95.6528,96.1505,154307387
12/21/2010,96.4572,96.8014,96.3707,96.7531,123069303
12/22/2010,96.8014,97.05,96.7625,97.0209,102193605
12/23/2010,96.9258,97.0209,96.6962,96.8881,90818388
12/27/2010,96.5619,97.0114,96.486,96.9354,75303116
12/28/2010,97.079,97.1178,96.8206,97.05,71650669
12/29/2010,97.1468,97.3283,97.079,97.0986,75179103
12/30/2010,97.0404,97.2702,96.8303,96.9735,99285113
12/31/2010,96.8014,97.0694,96.7251,97.0026,78672053
1/3/2011,97.7589,98.4859,96.9634,98.047,179673125
1/4/2011,98.2843,98.3127,97.3187,97.9786,178054418
1/5/2011,97.652,98.5528,97.548,98.5046,173563998
1/6/2011,98.5331,98.6493,98.008,98.3127,158753039
1/7/2011,98.4584,98.5902,97.2798,98.1214,151234777
1/10/2011,97.652,98.1412,97.3283,97.9786,158568843
1/11/2011,98.3608,98.5607,97.9495,98.3509,142900712
1/12/2011,98.8985,99.3106,98.3804,99.1938,139850698
1/13/2011,99.2335,99.2809,98.8007,99.0119,167438123
1/14/2011,98.8788,99.7869,98.8393,99.768,117459784
1/18/2011,99.6609,100.016,99.5397,99.9225,148199849
1/19/2011,99.8348,99.9325,98.6966,98.9361,196775962
1/20/2011,98.735,99.0407,98.1117,98.8195,227631464
1/21/2011,99.4324,99.652,98.9173,99.0119,139303431
1/24/2011,98.9547,99.7201,98.946,99.5974,147317861
1/25/2011,99.3463,99.749,98.8393,99.652,217117819
1/26/2011,99.9046,100.351,99.7012,100.046,183079021
1/27/2011,100.064,100.487,99.8846,100.303,159759579
1/28/2011,100.438,100.565,98.4195,98.5429,256496825
1/31/2011,98.8106,99.3553,98.5706,99.2809,193403492
2/1/2011,99.8746,101.031,99.8348,100.852,216639072
2/2/2011,100.599,100.916,100.556,100.657,153324579
2/3/2011,100.506,101.041,99.9604,100.871,188967142
2/4/2011,100.907,101.242,100.497,101.194,118104790
2/7/2011,101.404,102.17,101.394,101.829,145673525
2/8/2011,101.929,102.353,101.642,102.295,128336884
2/9/2011,102.029,102.343,101.541,102.085,189851375
2/10/2011,101.531,102.229,101.299,102.113,210799053
2/11/2011,101.701,102.813,101.681,102.697,126563413
2/14/2011,102.631,102.983,102.535,102.909,131703198
2/15/2011,102.631,102.764,102.113,102.631,154918501
2/16/2011,102.937,103.387,102.734,103.251,168690004
2/18/2011,103.683,103.932,103.425,103.807,112972219
2/22/2011,102.706,103.827,101.424,101.721,301964219
2/23/2011,101.671,101.911,100.487,101.081,294942810
2/24/2011,100.953,101.404,100.064,100.993,337501321
2/25/2011,101.453,102.18,101.375,102.113,183614346
2/28/2011,102.505,102.841,102.151,102.715,175775612
3/1/2011,103.012,103.11,100.963,101.003,334956577
3/2/2011,100.861,101.701,100.565,101.242,259451364
3/3/2011,102.17,103.051,102.16,102.937,228688630
3/4/2011,102.881,103.061,101.531,102.229,359426213
3/7/2011,102.525,102.715,100.842,101.394,280987129
3/8/2011,101.57,102.621,101.128,102.305,226412622
3/9/2011,102.123,102.468,101.531,102.16,199386471
3/10/2011,101.051,101.224,100.162,100.267,390852748
3/11/2011,99.9225,101.299,99.9046,100.916,292548703
3/14/2011,100.303,100.647,99.5686,100.351,305373077
3/15/2011,97.6618,99.7869,97.5868,99.1749,466332822
3/16/2011,98.8589,99.1839,96.6864,97.309,607304987
3/17/2011,98.7633,99.0309,98.0833,98.6591,329887629
3/18/2011,99.8348,99.8547,98.8007,98.9746,297666931
3/21/2011,100.267,100.735,100.113,100.536,198826161
3/22/2011,100.516,100.637,100.093,100.19,167438019
3/23/2011,99.9046,100.725,99.4224,100.497,191835941
3/24/2011,101.031,101.579,100.497,101.424,205502085
3/25/2011,101.691,102.209,101.414,101.751,201026159
3/28/2011,101.979,102.238,101.453,101.482,141668915
3/29/2011,101.404,102.229,101.061,102.199,167382377
3/30/2011,102.706,103.157,102.573,102.851,175252863
3/31/2011,102.734,102.983,102.631,102.715,171173234
4/1/2011,103.357,103.673,102.909,103.148,198750211
4/4/2011,103.415,103.586,102.927,103.243,129971204
4/5/2011,103.012,103.722,102.964,103.224,156215951
4/6/2011,103.751,103.846,103.12,103.577,155383918
4/7/2011,103.377,103.827,102.774,103.29,220609471
4/8/2011,103.769,103.836,102.535,102.917,190935296
4/11/2011,103.012,103.396,102.418,102.631,156720663
4/12/2011,102.103,102.277,101.491,101.882,208302894
4/13/2011,102.363,102.458,101.473,101.873,209170950
4/14/2011,101.27,102.113,100.907,101.959,208051541
4/15/2011,102.132,102.582,101.829,102.333,219522169
4/18/2011,101.194,102.324,100.371,101.176,272072258
4/19/2011,101.309,101.799,101.061,101.761,160368950
4/20/2011,102.927,103.347,102.871,103.1,201817502
4/21/2011,103.693,103.732,103.1,103.683,175765402
4/25/2011,103.606,103.741,103.186,103.557,84763925
4/26/2011,103.884,104.659,103.769,104.468,183720695
4/27/2011,104.649,105.281,104.219,105.119,184797011
4/28/2011,104.927,105.616,104.909,105.464,161109134
4/29/2011,105.5,105.818,105.377,105.702,148500523
5/2/2011,106.22,106.304,105.357,105.55,162894274
5/3/2011,105.367,105.52,104.64,105.167,178512442
5/4/2011,105.119,105.167,104.018,104.498,235867690
5/5/2011,103.912,104.592,103.031,103.531,292867923
5/6/2011,104.524,105.1,103.206,103.989,287699796
5/9/2011,103.979,104.708,103.827,104.402,147185098
5/10/2011,104.745,105.464,104.631,105.281,148252663
5/11/2011,105.119,105.139,103.712,104.172,249956414
5/12/2011,103.912,104.87,103.347,104.678,221489631
5/13/2011,104.726,104.851,103.482,103.874,203240310
5/16/2011,103.482,104.314,102.993,103.186,182897865
5/17/2011,102.803,103.319,102.401,103.167,248979336
5/18/2011,103.224,104.219,102.973,104.124,174463253
5/19/2011,104.478,104.64,103.798,104.363,153223081
5/20/2011,104.114,104.363,103.328,103.531,235665527
5/23/2011,102.277,103.567,101.979,102.343,217670556
5/24/2011,102.631,102.821,102.085,102.248,189999647
5/25/2011,101.838,102.964,101.819,102.591,194926733
5/26/2011,102.324,103.224,102.132,103.012,212843760
5/27/2011,103.328,103.751,102.983,103.445,156037410
5/31/2011,104.448,104.563,103.722,104.544,212407866
6/1/2011,104.229,104.563,102.113,102.209,300568827
6/2/2011,102.257,102.478,101.473,102.103,258635270
6/3/2011,100.842,101.838,100.804,101.041,302809801
6/6/2011,100.804,100.993,99.8547,99.9973,232175941
6/7/2011,100.506,100.794,99.8348,99.9225,208633302
6/8/2011,99.7779,100.103,99.3196,99.501,256207875
6/9/2011,99.7869,100.657,99.5298,100.276,207643612
6/10/2011,99.8348,99.8946,98.6198,98.8689,307912785
6/13/2011,99.0778,99.3652,98.4859,98.9361,267881259
6/14/2011,99.8447,100.556,99.8268,100.219,207166275
6/15/2011,99.3847,100.199,98.2097,98.4682,388208884
6/16/2011,98.4957,99.1462,97.8919,98.6591,397424222
6/17/2011,99.6162,99.6262,98.6099,98.9173,301601326
6/20/2011,98.6099,99.652,98.5804,99.4324,204653090
6/21/2011,99.9514,100.973,99.4622,100.813,247776999
6/22/2011,100.497,101.081,100.133,100.209,226996677
6/23/2011,98.9943,100.181,98.3029,99.9046,429227856
6/24/2011,99.8746,99.9604,98.6099,98.7533,290360128
6/27/2011,98.8106,100.006,98.6296,99.6262,214279369
6/28/2011,100.016,100.916,99.8746,100.898,212463504
6/29/2011,101.385,101.969,100.916,101.809,313572102
6/30/2011,102.132,102.909,101.809,102.734,286890268
7/1/2011,102.841,104.439,102.621,104.284,259879064
7/5/2011,104.172,104.429,103.884,104.199,213273382
7/6/2011,103.97,104.478,103.673,104.334,184012054
7/7/2011,105.242,105.674,105.024,105.416,218833423
7/8/2011,104.219,105.416,103.884,104.669,249317117
7/11/2011,103.367,103.732,102.535,102.734,251401888
7/12/2011,102.554,103.396,102.305,102.343,275393676
7/13/2011,102.841,103.761,102.448,102.66,261665596
7/14/2011,102.899,103.396,101.78,101.969,289839525
7/15/2011,102.535,102.688,101.838,102.554,282623456
7/18/2011,102.094,102.248,100.916,101.711,252691951
7/19/2011,102.285,103.473,102.257,103.347,213746135
7/20/2011,103.634,103.703,103.08,103.28,175450031
7/21/2011,103.894,104.965,103.29,104.726,319609918
7/22/2011,104.745,104.889,104.163,104.803,161683299
7/25/2011,103.807,104.726,103.712,104.219,175386412
7/26/2011,104.153,104.324,103.606,103.827,168531853
7/27/2011,103.234,103.26,101.57,101.701,319436555
7/28/2011,101.701,102.611,101.242,101.394,265639843
7/29/2011,100.409,101.681,99.652,100.696,394221263
8/1/2011,101.901,101.999,99.3009,100.294,418007651
8/2/2011,99.5108,100.064,97.7102,97.7102,444946700
8/3/2011,97.8527,98.3901,96.2179,98.2941,476057635
8/4/2011,96.8688,97.0209,93.4927,93.6525,668375103
8/5/2011,94.8298,95.0509,90.991,93.511,841510704
8/8/2011,91.0378,93.5386,87.2411,87.4086,901173358
8/9/2011,88.8298,91.6063,85.8474,91.4781,921517108
8/10/2011,89.7505,90.5564,87.1806,87.4353,850361071
8/11/2011,88.1923,92.5987,87.464,91.3698,626410821
8/12/2011,92.2142,92.8324,91.3241,91.9843,402856633
8/15/2011,92.8037,94.0287,92.6618,93.9292,179186936
8/16/2011,93.0353,93.9857,92.1394,93.1203,377583721
8/17/2011,93.6525,94.3665,92.4533,93.1942,305821564
8/18/2011,90.7086,93.2219,88.2985,89.1683,658073624
8/19/2011,87.9541,90.2366,87.6027,87.6975,549954247
8/22/2011,89.6863,89.7313,87.5281,87.7664,352944774
8/23/2011,88.1119,90.7716,87.667,90.6721,424988231
8/24/2011,90.4932,92.0926,90.274,91.9566,316624059
8/25/2011,92.4715,92.9691,90.2283,90.5564,400676171
8/26/2011,90.0931,92.2886,88.6603,91.8619,403821873
8/29/2011,93.0926,94.5742,91.9375,94.5081,245073163
8/30/2011,94.0862,95.337,92.8698,94.7648,309666141
8/31/2011,95.3563,96.1986,94.4605,95.1838,387497604
9/1/2011,95.2222,96.1028,94.0575,94.1512,326823932
9/2/2011,92.2321,92.7097,91.4309,91.7613,152663939
9/6/2011,89.0795,91.2407,89.0699,91.1134,366040414
9/7/2011,92.4906,93.7226,92.1756,93.6718,269346163
9/8/2011,93.1023,94.1606,92.5002,92.6812,320982629
9/9/2011,91.634,92.7002,89.7678,90.2643,488120837
9/12/2011,89.1415,90.9077,88.8135,90.8453,392389750
9/13/2011,91.1564,92.036,90.5027,91.6895,349794449
9/14/2011,92.1567,94.0766,90.8732,92.9598,409989998
9/15/2011,93.9483,94.5933,92.9691,94.5742,419391949
9/16/2011,94.9255,95.4614,94.1606,95.1264,363103572
9/19/2011,93.5665,95.1168,92.9222,94.1512,167852371
9/20/2011,94.5839,95.4807,93.9387,94.0669,279599662
9/21/2011,94.1043,94.3855,91.1479,91.2866,403808101
9/22/2011,88.651,89.4069,87.1298,88.3424,656273953
9/23/2011,87.7415,89.3646,87.6764,88.8737,392459790
9/26/2011,89.7035,91.1221,88.4334,90.9822,332746224
9/27/2011,92.7771,93.5952,91.4504,92.0083,398012256
9/28/2011,92.2044,92.7385,89.9842,90.1295,366069202
9/29/2011,91.6254,92.0926,89.1781,90.8367,380704456
9/30/2011,89.5876,90.3764,88.5023,88.5715,368564307
10/3/2011,88.0487,89.185,85.9431,86.0245,466053060
10/4/2011,84.8004,88.1204,84.09,87.9261,586154499
10/5/2011,88.1492,89.7849,87.3538,89.562,362762812
10/6/2011,89.5181,91.3144,88.846,91.1841,329250752
10/7/2011,91.7165,91.7708,90.0643,90.5648,398147552
10/10/2011,92.1203,93.6525,92.1107,93.6047,294266623
10/11/2011,93.0449,93.9578,92.95,93.7031,266969753
10/12/2011,94.3855,95.5859,94.1704,94.5167,359517238
10/13/2011,93.9578,94.6211,93.2401,94.3186,271266265
10/14/2011,95.4232,95.9784,94.8777,95.9495,269971299
10/17/2011,95.4807,95.9306,93.8716,94.1043,258199462
10/18/2011,94.0479,96.6962,93.3052,95.9594,407241163
10/19/2011,95.7965,96.3707,94.489,94.8298,289442112
10/20/2011,95.0413,95.5668,93.7971,95.2222,334683865
10/21/2011,96.3707,97.0986,96.0739,97.0114,356341190
10/24/2011,97.1276,98.5046,97.0598,98.2665,259280195
10/25/2011,97.7589,97.7971,96.1124,96.3417,343024830
10/26/2011,97.2896,97.652,95.6528,97.2411,369177795
10/27/2011,99.8946,101.299,97.2605,100.666,498120038
10/28/2011,100.199,100.842,100.026,100.647,267204023
10/31/2011,99.3847,99.6072,98.1313,98.2754,125382166
11/1/2011,95.5188,96.6962,95.1264,95.4901,252741065
11/2/2011,96.9075,97.3378,96.122,97.0307,153923491
11/3/2011,98.1117,98.9943,96.7625,98.8195,169826308
11/4/2011,98.0374,98.4293,97.05,98.2568,144657142
11/7/2011,98.1902,98.9075,97.1656,98.8293,251021092
11/8/2011,99.3463,100.219,98.4397,100.103,286631061
11/9/2011,97.7589,98.5046,96.189,96.4284,431406211
11/10/2011,97.6717,97.7882,96.313,97.2605,295875549
11/11/2011,98.5046,99.3936,98.4957,99.1264,242602724
11/14/2011,98.783,99.768,97.7786,98.2382,203276147
11/15/2011,97.9886,99.2038,97.6152,98.6966,235668889
11/16/2011,97.7004,98.8689,96.9634,97.0694,300730474
11/17/2011,96.9354,97.1276,94.8777,95.5668,422753615
11/18/2011,95.8924,96.0931,95.0786,95.4712,275114151
11/21/2011,94.0766,94.1893,92.8698,93.6622,292932501
11/22/2011,93.464,94.0105,92.7672,93.3052,276216172
11/23/2011,92.4159,93.3052,91.2407,91.2407,286666066
11/25/2011,91.1038,92.1394,90.9449,91.0656,127190012
11/28/2011,93.5386,94.0766,92.9978,93.7129,268645894
11/29/2011,93.9675,94.7169,93.6334,93.9675,254330734
11/30/2011,96.6681,98.0374,93.9292,97.8363,413651992
12/1/2011,97.7199,98.3804,97.3669,97.8165,225843850
12/2/2011,98.7434,98.9943,97.652,97.7297,282434630
12/5/2011,99.2711,99.5298,98.2284,98.8007,287634045
12/6/2011,98.7919,99.482,98.4769,98.8293,227981810
12/7/2011,98.5233,99.6072,97.8165,99.1839,303379524
12/8/2011,98.5528,98.7731,96.7916,97.0026,307496365
12/9/2011,97.4419,98.8886,97.3378,98.6886,267043835
12/12/2011,97.7971,97.8165,96.4284,97.1656,275310575
12/13/2011,97.7199,98.3215,95.8539,96.3322,312908201
12/14/2011,95.94,96.313,95.0701,95.2891,304370913
12/15/2011,96.3225,96.4572,95.4807,95.6339,254215182
12/16/2011,96.3033,96.8303,95.5573,95.7774,279857151
12/19/2011,96.16,96.3803,94.5552,94.7648,233112305
12/20/2011,96.2757,97.7882,94.8298,97.6152,285962026
12/21/2011,97.6152,97.9691,96.7153,97.807,246482509
12/22/2011,98.2097,98.783,97.8527,98.6966,151467145
12/23/2011,98.9647,99.5784,98.7919,99.5486,116994173
12/27/2011,99.3847,99.8946,99.2909,99.6351,109003758
12/28/2011,99.652,99.6609,98.2941,98.3705,151120719
12/29/2011,98.669,99.4423,98.3901,99.3463,156701364
12/30/2011,99.2622,99.501,98.8491,98.8491,121363710
1/3/2012,100.628,101.128,100.399,100.458,245784580
1/4/2012,100.209,100.657,99.8168,100.584,161136265
1/5/2012,100.046,100.983,99.5784,100.842,220636732
1/6/2012,100.953,100.973,100.276,100.592,187863016
1/9/2012,100.823,100.935,100.381,100.833,126261659
1/10/2012,101.949,102.141,101.579,101.721,146212258
1/11/2012,101.404,101.919,101.242,101.79,141324780
1/12/2012,102.113,102.189,101.252,102.039,150757307
1/13/2012,101.329,101.661,100.599,101.482,228130767
1/17/2012,102.488,102.65,101.531,101.891,167739061
1/18/2012,101.873,103.012,101.681,102.964,207216143
1/19/2012,103.347,103.654,102.993,103.557,160245641
1/20/2012,103.377,103.95,103.09,103.625,175408726
1/23/2012,103.596,104.172,103.148,103.693,164061673
1/24/2012,102.993,103.586,102.851,103.557,130600108
1/25/2012,103.387,104.669,102.945,104.439,251927955
1/26/2012,104.87,105.08,103.464,103.904,234439750
1/27/2012,103.396,104.028,103.29,103.846,171668883
1/30/2012,102.783,103.54,102.458,103.473,186539811
1/31/2012,103.998,104.134,102.909,103.435,199511883
2/1/2012,104.209,104.861,104.104,104.354,210535462
2/2/2012,104.582,104.774,104.153,104.524,143449478
2/3/2012,105.55,106.028,105.387,105.98,203853298
2/6/2012,105.54,105.952,105.426,105.904,136639277
2/7/2012,105.693,106.372,105.271,106.172,171914198
2/8/2012,106.239,106.516,105.799,106.498,176492604
2/9/2012,106.67,106.813,105.98,106.622,188437262
2/10/2012,105.683,105.923,105.426,105.818,213030523
2/13/2012,106.602,106.764,106.132,106.622,146898574
2/14/2012,106.362,106.554,105.741,106.498,210687301
2/15/2012,106.842,106.984,105.78,105.98,247107474
2/16/2012,105.99,107.242,105.818,107.148,236680904
2/17/2012,107.531,107.617,107.082,107.443,164803319
2/21/2012,107.711,107.97,107.148,107.491,170107117
2/22/2012,107.32,107.551,106.955,107.13,157709212
2/23/2012,107.082,107.711,106.745,107.617,174722414
2/24/2012,107.877,108.095,107.617,107.877,133936654
2/27/2012,107.13,108.354,106.965,108.056,184910237
2/28/2012,108.095,108.498,107.877,108.384,164133969
2/29/2012,108.526,108.853,107.541,107.951,235867773
3/1/2012,108.173,108.699,107.877,108.498,183947169
3/2/2012,108.43,108.573,107.932,108.173,153109817
3/5/2012,107.998,108.095,107.35,107.731,178571406
3/6/2012,106.622,106.69,105.818,106.132,256459957
3/7/2012,106.411,107.052,106.295,106.871,71997736
3/8/2012,107.521,108.183,107.311,107.961,148286113
3/9/2012,108.173,108.649,108.027,108.384,155929246
3/12/2012,108.384,108.526,107.998,108.393,132033260
3/13/2012,108.937,110.382,108.785,110.335,233704306
3/14/2012,110.363,110.652,109.884,110.221,184286243
3/15/2012,110.382,110.881,110.103,110.851,209619307
3/16/2012,111.053,111.139,110.774,110.995,193252656
3/19/2012,110.93,111.791,110.851,111.425,158364054
3/20/2012,110.823,111.226,110.479,111.119,153862580
3/21/2012,111.149,111.264,110.709,110.92,154695251
3/22/2012,110.132,110.401,109.779,110.152,170909840
3/23/2012,110.24,110.632,109.598,110.489,152334866
3/26/2012,111.264,112.048,111.216,112.048,151622211
3/27/2012,112.136,112.202,111.617,111.693,151306597
3/28/2012,111.634,111.829,110.479,111.129,187731857
3/29/2012,110.469,111.139,110.048,110.94,208444151
3/30/2012,111.494,111.579,110.823,111.386,171211866
4/2/2012,111.255,112.498,111.053,112.211,191719236
4/3/2012,112.067,112.23,111.109,111.772,196887672
4/4/2012,110.93,111.033,110.26,110.67,185618764
4/5/2012,110.288,110.92,110.192,110.632,98513666
4/9/2012,109.167,109.807,109.034,109.331,115896464
4/10/2012,109.12,109.436,107.407,107.511,297275703
4/11/2012,108.631,108.824,108.202,108.41,193982218
4/12/2012,108.498,109.913,108.42,109.817,194241934
4/13/2012,109.55,109.846,108.41,108.507,213888199
4/16/2012,109.034,109.176,108.066,108.44,186821455
4/17/2012,109.034,110.278,108.917,110.048,186814643
4/18/2012,109.54,110.048,109.474,109.655,156473040
4/19/2012,109.674,110.103,108.45,108.937,251031265
4/20/2012,109.426,109.856,109.052,109.12,180736319
4/23/2012,108.037,108.334,107.541,108.239,217148450
4/24/2012,108.334,108.889,108.246,108.631,173675609
4/25/2012,109.693,110.182,109.578,110.142,189880843
4/26/2012,109.903,111.014,109.836,110.881,171728134
4/27/2012,111.207,111.367,110.622,111.08,156652669
4/30/2012,110.851,110.93,110.363,110.68,145415330
5/1/2012,110.612,112.086,110.469,111.339,175432688
5/2/2012,110.709,111.129,110.344,111.024,153012233
5/3/2012,111.033,111.119,109.972,110.182,181644199
5/4/2012,109.569,110.221,108.344,108.41,245048008
5/7/2012,108.007,108.833,107.98,108.479,161407491
5/8/2012,107.837,108.22,106.755,108.047,269612582
5/9/2012,106.871,108.095,106.421,107.398,278956038
5/10/2012,108.155,108.285,107.369,107.608,190147179
5/11/2012,106.928,108.304,106.871,107.271,193401123
5/14/2012,106.268,107.271,105.932,106.094,206936680
5/15/2012,106.019,106.66,105.339,105.481,262329987
5/16/2012,105.961,106.468,105.06,105.09,261757548
5/17/2012,105.119,105.234,103.464,103.531,210690492
5/18/2012,103.95,104.134,102.505,102.64,403931601
5/21/2012,102.937,104.468,102.793,104.42,224774279
5/22/2012,104.688,105.416,103.922,104.611,249524358
5/23/2012,103.846,104.793,102.821,104.649,258786446
5/24/2012,104.917,105.1,103.979,104.841,145865323
5/25/2012,104.813,105.11,104.257,104.524,171207740
5/29/2012,105.367,105.952,103.789,105.77,192986824
5/30/2012,104.861,105.76,104.037,104.239,205101912
5/31/2012,104.199,104.793,103.08,104.028,247799437
6/1/2012,102.41,104.047,101.394,101.394,320004095
6/4/2012,101.579,101.863,100.575,101.339,255889899
6/5/2012,101.147,102.267,101.091,102.132,207013528
6/6/2012,102.813,104.478,102.774,104.42,157757421
6/7/2012,105.597,105.645,104.257,104.488,233265017
6/8/2012,104.199,105.33,103.884,105.301,181819968
6/11/2012,106.142,106.22,103.874,103.979,214453428
6/12/2012,104.266,105.224,103.769,105.149,229794548
6/13/2012,104.841,105.49,104.144,104.506,217533835
6/14/2012,104.718,105.999,104.429,105.597,291413917
6/15/2012,106.056,106.793,105.835,106.68,212938388
6/18/2012,106.229,107.13,105.98,106.861,165049710
6/19/2012,107.415,108.384,106.852,107.941,172627627
6/20/2012,107.941,108.246,106.793,107.749,259563095
6/21/2012,107.887,107.998,105.234,105.33,258051511
6/22/2012,105.865,106.353,105.464,106.132,163442763
6/25/2012,105.004,105.041,104.076,104.448,136682672
6/26/2012,104.736,105.281,104.144,104.936,177844739
6/27/2012,105.31,106.103,104.927,105.904,135770766
6/28/2012,105.204,105.75,104.42,105.607,212658400
6/29/2012,107.511,108.393,107.215,108.256,266801689
7/2/2012,108.545,108.669,107.788,108.573,162676788
7/3/2012,108.545,109.331,108.43,109.252,101162199
7/5/2012,108.861,109.569,108.402,108.795,158548197
7/6/2012,107.74,107.989,107.225,107.759,190076766
7/9/2012,107.666,107.828,107.101,107.608,130461285
7/10/2012,108.173,108.364,106.323,106.68,204568509
7/11/2012,106.745,107.022,106.056,106.7,179947901
7/12/2012,106.056,106.764,105.445,106.172,180476503
7/13/2012,106.468,108.085,106.46,107.97,162999497
7/16/2012,107.711,108.027,107.262,107.702,122633227
7/17/2012,108.155,108.669,106.993,108.45,174297433
7/18/2012,108.202,109.456,108.145,109.215,142489501
7/19/2012,109.456,109.913,109.101,109.521,163193097
7/20/2012,108.889,109.052,108.41,108.536,179680159
7/23/2012,106.928,108.479,106.46,107.424,182510165
7/24/2012,107.501,107.551,105.789,106.516,217814349
7/25/2012,106.745,107.003,105.961,106.534,162304157
7/26/2012,108.085,108.526,107.561,108.314,196726174
7/27/2012,108.861,110.612,108.285,110.297,297687881
7/30/2012,110.172,110.831,109.972,110.297,134247249
7/31/2012,110.152,110.431,109.512,109.512,151584805
8/1/2012,110.306,110.335,109.244,109.406,173866743
8/2/2012,108.602,109.386,107.837,108.669,250837101
8/3/2012,110.211,111.053,108.699,110.841,198419552
8/6/2012,111.119,111.464,110.985,111.033,108520766
8/7/2012,111.474,112.076,111.339,111.588,137684167
8/8/2012,111.197,111.866,111.167,111.732,112748290
8/9/2012,111.561,112.057,111.445,111.848,113345842
8/10/2012,111.349,112.057,111.167,112.01,125444391
8/13/2012,111.838,112.01,111.349,111.952,99824850
8/14/2012,112.354,112.42,111.634,111.971,128619304
8/15/2012,111.866,112.269,111.791,112.096,89339595
8/16/2012,112.23,113.052,111.981,112.92,140820819
8/17/2012,113.11,113.168,112.815,113.062,114175355
8/20/2012,112.91,113.1,112.594,113.072,98369375
8/21/2012,113.368,113.79,112.489,112.737,132517030
8/22/2012,112.44,112.967,112.172,112.785,167366546
8/23/2012,112.498,112.508,111.683,111.876,140104303
8/24/2012,111.579,112.795,111.514,112.528,125056786
8/27/2012,112.835,112.985,112.393,112.556,86413026
8/28/2012,112.259,112.795,112.106,112.44,95162593
8/29/2012,112.537,112.835,112.221,112.528,82249658
8/30/2012,112.067,112.096,111.484,111.732,121410208
8/31/2012,112.354,112.795,111.617,112.239,191067642
9/4/2012,112.152,112.489,111.435,112.152,151075473
9/5/2012,112.192,112.498,111.848,112.067,126533005
9/6/2012,112.737,114.325,112.727,114.316,198968213
9/7/2012,114.527,114.824,114.412,114.785,134856111
9/10/2012,114.671,114.864,114.086,114.114,108659061
9/11/2012,114.184,114.824,114.144,114.442,111511201
9/12/2012,114.824,114.938,114.432,114.824,110168319
9/13/2012,114.824,116.927,114.509,116.603,283358493
9/14/2012,116.836,117.772,116.728,117.094,213461756
9/17/2012,116.862,117.056,116.413,116.718,150174556
9/18/2012,116.518,116.778,116.306,116.622,123621545
9/19/2012,116.758,117.046,116.451,116.689,161292647
9/20/2012,116.107,116.758,115.839,116.699,193613131
9/21/2012,117.234,117.264,116.603,116.641,135939949
9/24/2012,116.02,116.728,115.932,116.461,119644673
9/25/2012,116.718,116.917,115.179,115.197,166519859
9/26/2012,115.179,115.205,114.267,114.583,183073039
9/27/2012,115.043,115.896,114.746,115.646,139837322
9/28/2012,115.197,115.58,114.71,115.103,188323899
10/1/2012,115.561,116.498,115.141,115.398,169954371
10/2/2012,115.877,116.02,114.985,115.542,141842356
10/3/2012,115.857,116.269,115.223,115.972,151594590
10/4/2012,116.451,116.996,116.278,116.844,155466025
10/5/2012,117.455,117.638,116.508,116.844,156105965
10/8/2012,116.422,116.844,116.155,116.451,97966101
10/9/2012,116.355,116.461,115.243,115.293,186061676
10/10/2012,115.273,115.38,114.382,114.564,155239337
10/11/2012,115.351,115.532,114.593,114.613,154549381
10/12/2012,114.7,115.093,114,114.222,155295358
10/15/2012,114.518,115.311,114.134,115.197,134511426
10/16/2012,115.743,116.451,115.665,116.365,135892360
10/17/2012,116.451,116.986,116.259,116.88,161114351
10/18/2012,116.603,117.142,116.172,116.603,185209603
10/19/2012,116.374,116.384,114.355,114.632,232157902
10/22/2012,114.442,114.864,113.762,114.651,156964228
10/23/2012,113.427,113.599,112.584,113.062,240109198
10/24/2012,113.494,113.626,112.565,112.746,150150310
10/25/2012,113.57,113.762,112.374,113.072,168029115
10/26/2012,112.967,113.407,112.221,113.005,182623354
10/31/2012,113.417,113.579,112.469,113.005,129377916
11/1/2012,113.254,114.316,113.14,114.174,126322362
11/2/2012,114.873,114.9,113.052,113.178,172233864
11/5/2012,113.005,113.694,112.67,113.417,123029557
11/6/2012,113.762,114.746,113.655,114.276,133529105
11/7/2012,113.262,113.282,111.167,111.713,330506470
11/8/2012,111.693,112.239,110.288,110.372,226920344
11/9/2012,110.04,111.484,109.982,110.46,251458586
11/12/2012,110.823,110.977,110.297,110.555,121900270
11/13/2012,109.972,111.319,109.836,110.182,153797699
11/14/2012,110.508,110.69,108.44,108.679,239473933
11/15/2012,108.718,109.101,108.095,108.498,222666262
11/16/2012,108.659,109.215,107.693,109.005,299539504
11/19/2012,110.278,111.235,109.042,111.216,189409082
11/20/2012,111.062,111.464,110.391,111.274,149542624
11/21/2012,111.358,111.579,111.149,111.494,102139437
11/23/2012,112.048,113.052,111.971,113.005,81811885
11/26/2012,112.44,113.015,112.086,112.775,124732214
11/27/2012,112.651,113.043,112.126,112.182,160863349
11/28/2012,111.752,113.159,111.129,113.091,221378454
11/29/2012,113.542,113.933,113.024,113.645,188855691
11/30/2012,113.665,113.867,113.262,113.684,170744402
12/3/2012,114.144,114.249,113.005,113.082,155629344
12/4/2012,113.082,113.437,112.613,112.929,159515114
12/5/2012,113.024,113.684,112.221,113.13,184155440
12/6/2012,113.024,113.579,112.851,113.532,129047345
12/7/2012,113.952,114.086,113.272,113.858,135979960
12/10/2012,113.733,114.154,113.675,113.895,123563957
12/11/2012,114.355,115.205,114.296,114.681,190225806
12/12/2012,115.132,115.58,114.583,114.746,182424529
12/13/2012,114.661,114.985,113.762,114.049,169654072
12/14/2012,113.781,114,113.447,113.635,172202798
12/17/2012,113.895,115.004,113.867,114.929,179631537
12/18/2012,115.132,116.326,114.948,116.212,222310454
12/19/2012,116.355,116.404,115.311,115.361,188706966
12/20/2012,115.427,116.01,115.112,115.992,210460581
12/21/2012,114.481,116.001,114.276,114.975,305323874
12/24/2012,114.746,114.805,114.499,114.623,66903303
12/26/2012,114.864,114.91,113.819,114.134,132777750
12/27/2012,114.154,114.402,112.67,114,208482362
12/28/2012,113.254,113.877,112.622,112.766,184678493
12/31/2012,112.449,114.805,112.364,114.671,302850512
1/2/2013,116.853,117.677,116.576,117.619,238415088
1/3/2013,117.55,117.838,117.046,117.362,179718485
1/4/2013,117.532,118.06,117.312,117.838,145051238
1/7/2013,117.446,117.905,117.104,117.532,136551219
1/8/2013,117.342,117.482,116.778,117.195,150455568
1/9/2013,117.455,117.799,117.283,117.482,112645036
1/10/2013,118.164,118.46,117.532,118.451,162274004
1/11/2013,118.423,118.489,118.06,118.442,141454142
1/14/2013,118.288,118.442,117.896,118.357,111209458
1/15/2013,117.78,118.545,117.714,118.442,115687735
1/16/2013,118.184,118.585,118.06,118.423,130136965
1/17/2013,118.95,119.514,118.479,119.17,166118288
1/18/2013,119.16,119.562,118.718,119.436,210943897
1/22/2013,119.436,120.087,119.17,120.087,138797483
1/23/2013,120.087,120.375,119.877,120.289,129677313
1/24/2013,120.107,120.881,119.992,120.316,181655355
1/25/2013,120.692,120.979,120.289,120.979,182803557
1/28/2013,121.018,121.054,120.384,120.824,140747509
1/29/2013,120.594,121.467,120.519,121.312,131228004
1/30/2013,121.303,121.542,120.74,120.824,170568126
1/31/2013,120.702,121.091,120.472,120.546,135218577
2/1/2013,121.303,121.954,121.111,121.791,162875661
2/4/2013,121.044,121.811,120.336,120.414,197414895
2/5/2013,121.072,121.993,121.018,121.628,141425208
2/6/2013,121.208,121.801,121.131,121.715,172295304
2/7/2013,121.762,121.886,120.672,121.562,201753013
2/8/2013,121.771,122.318,121.771,122.24,128062170
2/11/2013,122.195,122.327,121.925,122.213,91586680
2/12/2013,122.222,122.654,122.088,122.433,81141480
2/13/2013,122.682,122.864,122.185,122.536,102167613
2/14/2013,122.155,122.796,122.03,122.645,100362572
2/15/2013,122.767,122.864,122.04,122.51,267233593
2/19/2013,122.719,123.438,122.546,123.408,118070093
2/20/2013,123.322,123.362,121.801,121.877,199318908
2/21/2013,121.562,121.954,120.748,121.131,227509079
2/22/2013,121.715,122.318,121.179,122.318,132041173
2/25/2013,122.883,123.074,119.982,119.982,305099694
2/26/2013,120.565,120.939,119.772,120.796,231491622
2/27/2013,120.702,122.682,120.585,122.337,187127812
2/28/2013,122.327,123.074,121.944,122.088,157448157
3/1/2013,121.657,122.692,121.121,122.519,211885781
3/4/2013,122.203,123.113,122.03,123.113,122864586
3/5/2013,123.734,124.594,123.714,124.251,150838532
3/6/2013,124.681,124.759,124.146,124.425,117231227
3/7/2013,124.594,124.807,124.443,124.634,106828620
3/8/2013,125.207,125.342,124.568,125.198,153346363
3/11/2013,125.103,125.648,124.929,125.639,103999593
3/12/2013,125.553,125.698,125.008,125.352,131331139
3/13/2013,125.429,125.717,125.018,125.543,114932827
3/14/2013,125.849,126.271,125.543,126.204,156880839
3/15/2013,126.033,126.204,125.609,126.014,171357909
3/18/2013,124.845,125.868,124.73,125.342,156649373
3/19/2013,125.599,125.763,124.241,125.065,207169875
3/20/2013,125.773,126.126,125.581,125.906,140644918
3/21/2013,125.207,125.868,124.634,124.855,158998290
3/22/2013,125.266,125.84,125.18,125.84,137398170
3/25/2013,126.175,126.383,124.845,125.342,187085585
3/26/2013,125.83,126.348,125.707,126.33,107384133
3/27/2013,125.581,126.365,125.362,126.33,123572701
3/28/2013,126.252,126.872,125.955,126.729,127259777
4/1/2013,126.671,126.921,125.887,126.213,122620177
4/2/2013,126.68,127.17,126.482,126.856,125418284
4/3/2013,126.921,127.006,125.237,125.553,190547365
4/4/2013,125.717,126.311,125.438,126.042,162999641
4/5/2013,124.548,125.648,124.385,125.486,197385109
4/8/2013,125.581,126.348,125.198,126.339,106938561
4/9/2013,126.597,127.247,126.145,126.798,125944340
4/10/2013,127.134,128.501,127.105,128.327,167127387
4/11/2013,128.357,129.16,128.233,128.76,136116182
4/12/2013,128.337,128.635,127.735,128.445,143852864
4/15/2013,127.805,127.924,125.448,125.458,268354837
4/16/2013,126.403,127.399,126.088,127.324,182291683
4/17/2013,126.403,126.433,124.807,125.448,280383362
4/18/2013,125.658,125.698,124.204,124.671,207131181
4/19/2013,124.988,125.802,124.653,125.744,185025571
4/22/2013,125.975,126.634,125.198,126.311,131700229
4/23/2013,126.95,127.735,126.311,127.61,205241854
4/24/2013,127.657,128.042,127.427,127.696,119617082
4/25/2013,128.08,128.815,127.896,128.213,161887303
4/26/2013,128.07,128.269,127.564,128.013,118580406
4/29/2013,128.318,129.132,128.139,128.835,109472538
4/30/2013,128.815,129.17,128.279,129.16,143382407
5/1/2013,128.864,128.93,127.896,128.023,171651365
5/2/2013,128.337,129.305,128.223,129.189,119144991
5/3/2013,130.339,130.951,129.208,130.548,178097295
5/6/2013,130.646,131.028,130.576,130.854,82635997
5/7/2013,131.133,131.545,130.797,131.506,111608489
5/8/2013,131.373,132.167,131.286,132.119,120372470
5/9/2013,132.051,132.416,131.418,131.716,131899435
5/10/2013,131.823,132.3,131.438,132.186,127454767
5/13/2013,132.004,132.5,131.669,132.291,101095452
5/14/2013,132.406,133.745,132.406,133.651,147076228
5/15/2013,133.43,134.627,133.382,134.369,149205610
5/16/2013,134.099,134.56,133.543,133.745,135831623
5/17/2013,134.244,135.076,134.071,134.989,160409125
5/20/2013,134.847,135.555,134.76,134.979,105152530
5/21/2013,135.115,135.748,134.663,135.202,118406890
5/22/2013,135.334,136.752,133.622,134.225,301537024
5/23/2013,132.788,134.205,132.597,133.84,260777255
5/24/2013,133.008,133.774,132.637,133.717,187358894
5/28/2013,135.076,135.728,134.129,134.52,177577356
5/29/2013,133.813,134.129,132.895,133.642,198222447
5/30/2013,133.745,134.741,133.651,134.148,133178873
5/31/2013,133.764,134.52,131.937,132.223,218556350
6/3/2013,132.519,132.999,131.555,132.904,208029505
6/4/2013,132.981,133.553,131.602,132.309,194845901
6/5/2013,131.907,132.194,130.329,130.454,261551634
6/6/2013,130.387,131.61,129.63,131.602,247430687
6/7/2013,132.519,133.42,131.956,133.286,232831720
6/10/2013,133.717,133.793,132.923,133.286,126885818
6/11/2013,132.079,133.066,131.61,131.917,197155951
6/12/2013,132.827,132.931,130.732,130.835,218902342
6/13/2013,130.787,133.036,130.482,132.817,202149494
6/14/2013,132.684,133.181,131.744,131.985,174517726
6/17/2013,132.876,133.651,132.014,132.981,168461411
6/18/2013,133.066,134.281,133.056,134.08,141742400
6/19/2013,133.957,134.195,132.157,132.223,254823190
6/20/2013,130.932,132.223,128.585,128.921,397050362
6/21/2013,129.812,129.899,128.051,129.324,334430142
6/24/2013,128.013,128.815,126.634,127.705,273190890
6/25/2013,128.854,130.177,128.013,128.94,199340916
6/26/2013,129.994,130.528,129.488,130.203,165763717
6/27/2013,131.008,131.565,130.874,130.989,159078575
6/28/2013,130.636,131.227,129.984,130.454,197000551
7/1/2013,131.113,132.119,130.989,131.199,162019512
7/2/2013,131.018,131.965,130.528,131.076,190431532
7/3/2013,130.51,131.525,130.28,131.133,92503341
7/5/2013,132.109,132.597,131.151,132.548,150533746
7/8/2013,133.229,133.669,132.597,133.306,132741076
7/9/2013,134.167,134.434,133.593,134.291,146685433
7/10/2013,134.158,134.769,133.88,134.33,148977965
7/11/2013,135.868,136.328,134.33,136.177,166670167
7/12/2013,136.129,136.559,135.887,136.245,128143682
7/15/2013,136.587,136.904,136.387,136.733,85371987
7/16/2013,136.8,136.874,135.85,136.263,109068682
7/17/2013,136.733,136.961,136.427,136.568,114118605
7/18/2013,136.836,137.631,136.771,137.288,127362279
7/19/2013,136.991,137.592,136.836,137.545,127656401
7/22/2013,137.766,138.042,137.411,137.841,97590788
7/23/2013,138.082,138.1,137.45,137.527,99381885
7/24/2013,138.082,138.12,136.752,136.991,138806367
7/25/2013,136.781,137.478,136.568,137.334,136645948
7/26/2013,136.781,137.536,136.255,137.497,132573088
7/29/2013,137.125,137.459,136.694,137.049,98062906
7/30/2013,137.488,137.641,136.761,137.049,104759350
7/31/2013,137.344,138.11,136.971,137.151,175075991
8/1/2013,138.224,138.855,138.16,138.751,135761281
8/2/2013,138.484,139.01,138.271,138.991,111985194
8/5/2013,138.665,139,138.539,138.781,66467483
8/6/2013,138.549,138.818,137.708,138.042,107566861
8/7/2013,137.564,137.784,137.02,137.555,104271421
8/8/2013,138.215,138.388,137.334,138.082,125625529
8/9/2013,137.91,138.321,137.161,137.67,112943056
8/12/2013,136.951,137.67,136.894,137.497,84274827
8/13/2013,137.766,138.16,136.912,137.937,99294130
8/14/2013,137.871,138.082,137.143,137.18,98139479
8/15/2013,136.148,136.167,135.018,135.277,188017436
8/16/2013,134.989,135.489,134.57,134.798,160889733
8/19/2013,134.682,135.124,133.985,133.994,118576570
8/20/2013,134.205,135.115,134.071,134.627,109795900
8/21/2013,134.281,134.961,133.515,133.821,196116223
8/22/2013,134.099,135.211,134.09,134.989,124760226
8/23/2013,135.421,135.668,134.779,135.48,111766147
8/26/2013,135.629,136.053,134.847,134.932,110207045
8/27/2013,133.651,134.932,132.72,132.807,194969361
8/28/2013,132.759,133.754,132.578,133.266,132881620
8/29/2013,132.961,134.205,132.856,133.506,146507465
8/30/2013,133.774,133.793,132.684,133.056,165910160
9/3/2013,134.349,134.627,133.106,133.669,175083663
9/4/2013,133.708,134.961,133.469,134.779,119717792
9/5/2013,134.818,135.285,134.76,134.895,77570561
9/6/2013,135.381,135.806,133.745,134.969,196439716
9/9/2013,135.324,136.427,135.324,136.337,107662001
9/10/2013,137.087,137.317,136.8,137.288,129990334
9/11/2013,137.087,137.756,136.865,137.756,116150773
9/12/2013,137.699,137.89,137.161,137.354,102303222
9/13/2013,137.517,137.804,137.18,137.69,89425898
9/16/2013,139.172,139.238,138.262,138.512,155150022
9/17/2013,138.589,139.134,138.589,139.097,101453913
9/18/2013,139.048,141.088,138.675,140.695,250018122
9/19/2013,141.088,141.153,140.31,140.448,180265847
9/20/2013,140.79,140.79,139.373,139.506,162382317
9/23/2013,139.297,139.44,138.426,138.827,127971620
9/24/2013,138.81,139.327,138.262,138.539,130046351
9/25/2013,138.589,138.855,138.024,138.13,143492114
9/26/2013,138.359,139.039,138.14,138.627,94367791
9/27/2013,137.976,138.205,137.651,138.042,121157889
9/30/2013,136.818,137.717,136.587,137.248,176110258
10/1/2013,137.364,138.521,137.21,138.379,155541724
10/2/2013,137.555,138.379,137.097,138.244,138307655
10/3/2013,137.937,138.062,136.357,136.931,216232341
10/4/2013,137.03,138.15,136.856,138.024,118542097
10/7/2013,136.781,137.631,136.665,136.791,117825320
10/8/2013,136.781,136.931,135.076,135.192,217539507
10/9/2013,135.47,135.833,134.434,135.285,206656456
10/10/2013,136.694,138.311,136.655,138.234,239592834
10/11/2013,138.042,139.162,137.919,139.114,128518433
10/14/2013,138.262,139.814,138.168,139.699,137110413
10/15/2013,139.317,139.879,138.494,138.636,189704426
10/16/2013,139.506,140.666,139.421,140.579,197704910
10/17/2013,140.052,141.642,140.034,141.556,158050369
10/18/2013,142.044,142.591,141.785,142.502,169245475
10/21/2013,142.542,142.791,142.176,142.502,127383866
10/22/2013,142.906,143.748,142.522,143.336,155003435
10/23/2013,142.819,142.886,142.131,142.637,129038000
10/24/2013,142.915,143.297,142.591,143.097,86046234
10/25/2013,143.423,143.807,143.117,143.768,114567021
10/28/2013,143.718,144.206,143.555,144.007,104002841
10/29/2013,144.312,144.809,144.131,144.751,106967438
10/30/2013,144.926,145.039,143.528,144.064,171343346
10/31/2013,143.929,144.52,143.423,143.632,163729440
11/1/2013,143.814,144.293,143.164,143.987,174774085
11/4/2013,144.37,144.53,143.788,144.483,104838248
11/5/2013,143.929,144.419,143.45,144.044,104861811
11/6/2013,144.649,145.03,144.245,144.751,106847713
11/7/2013,145.03,145.144,142.801,142.924,191473399
11/8/2013,142.867,144.867,142.849,144.847,167292035
11/11/2013,144.668,145.059,144.54,144.877,76397916
11/12/2013,144.57,144.917,144.121,144.589,102640164
11/13/2013,143.879,145.822,143.879,145.776,126692321
11/14/2013,145.892,146.6,145.671,146.467,126469485
11/15/2013,146.724,147.173,146.514,147.108,125811769
11/18/2013,147.365,147.48,146.255,146.6,128123081
11/19/2013,146.514,146.953,146.034,146.265,114684118
11/20/2013,146.572,147.002,145.431,145.842,152767164
11/21/2013,146.218,147.108,146.131,146.983,113586603
11/22/2013,147.039,147.768,146.886,147.748,99463171
11/25/2013,147.987,148.015,147.375,147.586,97185635
11/26/2013,147.662,148.063,147.404,147.624,106398890
11/27/2013,147.805,148.083,147.604,147.987,71521155
11/29/2013,148.16,148.523,147.738,147.902,68378434
12/2/2013,147.978,148.255,147.278,147.499,122012881
12/3/2013,147.01,147.394,146.378,146.867,142530113
12/4/2013,146.313,147.461,145.758,146.857,150483306
12/5/2013,146.592,146.857,146.071,146.198,130607357
12/6/2013,147.614,147.987,147.203,147.853,156217481
12/9/2013,148.282,148.467,148.006,148.228,85764495
12/10/2013,147.883,148.189,147.595,147.691,96239070
12/11/2013,147.748,147.786,145.862,146.034,159400202
12/12/2013,145.96,146.131,145.24,145.556,141377060
12/13/2013,145.862,145.98,145.25,145.538,131924789
12/16/2013,146.208,146.916,146.169,146.427,117674041
12/17/2013,146.542,146.592,145.671,145.97,109627763
12/18/2013,146.179,148.504,144.877,148.484,287326088
12/19/2013,148.033,148.484,147.652,148.301,166799936
12/20/2013,148.449,149.489,148.35,149.137,236527488
12/23/2013,149.853,150.065,149.566,149.959,104082623
12/24/2013,149.969,150.352,149.959,150.294,55225436
12/26/2013,150.61,151.127,150.59,151.033,77041004
12/27/2013,151.242,151.309,150.877,151.023,75238960
12/30/2013,151.043,151.173,150.821,150.993,69149650
12/31/2013,151.213,151.741,151.098,151.741,104914515
1/2/2014,151.135,151.213,149.911,150.284,145509130
1/3/2014,150.514,150.821,150.055,150.255,99057671
1/6/2014,150.735,150.802,149.575,149.814,131218802
1/7/2014,150.409,150.973,150.313,150.745,104784951
1/8/2014,150.715,151.003,150.255,150.765,117523768
1/9/2014,151.242,151.27,150.179,150.857,110268631
1/10/2014,151.118,151.327,150.352,151.28,124176921
1/13/2014,150.916,151.309,148.971,149.239,182371953
1/14/2014,149.74,150.963,149.471,150.887,127719863
1/15/2014,151.242,151.939,150.916,151.711,119827457
1/16/2014,151.384,151.711,151.003,151.5,87920021
1/17/2014,151.242,151.529,150.59,150.857,131244926
1/21/2014,151.741,151.798,150.38,151.309,107842501
1/22/2014,151.567,151.632,151.079,151.394,74388206
1/23/2014,150.628,150.666,149.366,150.179,161151399
1/24/2014,149.155,149.212,146.906,146.944,253984975
1/27/2014,147.088,147.471,145.518,146.227,219844680
1/28/2014,146.321,147.288,146.304,147.098,134313963
1/29/2014,145.872,146.695,145.308,145.72,263028432
1/30/2014,146.916,147.729,146.437,147.25,144644055
1/31/2014,145.431,147.278,145.346,146.359,236909586
2/3/2014,146.179,146.522,142.811,143.068,309962453
2/4/2014,143.728,144.457,143.01,144.111,200710621
2/5/2014,143.593,144.225,142.712,143.909,199371230
2/6/2014,144.245,145.832,143.948,145.832,161708154
2/7/2014,146.476,147.786,146.016,147.604,207851434
2/10/2014,147.624,147.949,147.233,147.892,112079046
2/11/2014,147.987,149.872,147.921,149.489,143287730
2/12/2014,149.691,150.216,149.259,149.566,115033071
2/13/2014,148.598,150.504,148.589,150.352,122249378
2/14/2014,150.216,151.443,150.083,151.173,117450069
2/18/2014,151.309,151.567,150.867,151.346,97724300
2/19/2014,150.954,151.949,150.246,150.361,153972156
2/20/2014,150.562,151.595,150.026,151.242,127668890
2/21/2014,151.567,151.899,150.983,151.06,143764349
2/24/2014,151.384,152.907,151.319,151.919,138732106
2/25/2014,152.028,152.464,151.337,151.861,142290586
2/26/2014,152.086,152.473,151.424,151.861,119798746
2/27/2014,151.652,152.689,151.453,152.64,114206300
2/28/2014,152.62,153.75,152.047,153.032,183535969
3/3/2014,151.741,152.372,150.944,151.979,203978419
3/4/2014,153.413,154.438,153.413,154.112,206744644
3/5/2014,154.218,154.495,154.017,154.247,107547430
3/6/2014,154.611,154.944,154.266,154.582,100378027
3/7/2014,155.166,155.243,153.998,154.658,139363862
3/10/2014,154.409,154.63,153.69,154.563,91220057
3/11/2014,154.811,155.032,153.46,153.805,120519184
3/12/2014,153.061,153.922,152.707,153.854,127597859
3/13/2014,154.313,154.448,151.711,152.131,188691819
3/14/2014,151.826,152.63,151.52,151.711,187359346
3/17/2014,152.464,153.432,152.42,153.07,119728513
3/18/2014,153.384,154.381,153.222,154.17,123922019
3/19/2014,154.21,154.409,152.391,153.339,214497521
3/20/2014,153.003,154.362,152.725,154.247,142712101
3/21/2014,154.899,155.951,153.51,153.634,197696083
3/24/2014,154.16,154.372,152.353,153.003,147139204
3/25/2014,153.789,154.247,152.849,153.73,125858766
3/26/2014,154.333,154.572,152.572,152.62,145238614
3/27/2014,152.464,152.917,151.751,152.324,172554835
3/28/2014,152.735,153.815,152.64,153.051,123180215
3/31/2014,154.027,154.533,153.079,154.313,120847210
4/1/2014,154.811,155.453,154.303,155.348,107988257
4/2/2014,155.528,156.036,155.253,155.834,95373759
4/3/2014,156.074,156.122,155.175,155.625,93771653
4/4/2014,156.485,156.543,153.568,153.797,205182209
4/7/2014,153.394,153.69,151.798,152.113,170569731
4/8/2014,152.018,152.974,151.481,152.725,136499906
4/9/2014,153.155,154.438,152.689,154.391,121394961
4/10/2014,154.391,154.457,150.934,151.127,209556152
4/11/2014,150.332,151.337,149.604,149.769,202597721
4/14/2014,150.934,151.309,149.71,150.944,160351341
4/15/2014,151.27,152.105,149.769,152.008,190269209
4/16/2014,153.032,153.596,152.381,153.586,127415139
4/17/2014,153.376,154.227,153.118,153.797,127523591
4/21/2014,153.834,154.401,153.643,154.342,82720783
4/22/2014,154.485,155.492,154.419,155.041,103943499
4/23/2014,154.974,155.069,154.533,154.667,89478657
4/24/2014,155.463,155.483,154.247,154.994,106843593
4/25/2014,154.485,154.563,153.367,153.71,121612766
4/28/2014,154.352,154.869,152.611,154.21,163689618
4/29/2014,154.696,155.166,154.381,154.916,101884720
4/30/2014,154.667,155.528,154.467,155.406,122995847
5/1/2014,155.318,155.805,154.909,155.424,112707163
5/2/2014,155.406,156.046,154.944,155.185,118892758
5/5/2014,154.428,155.557,154.007,155.501,91912175
5/6/2014,155.127,155.243,154.094,154.122,103534078
5/7/2014,154.658,155.109,153.49,155.032,129015978
5/8/2014,154.85,155.971,154.381,154.859,113397405
5/9/2014,154.869,155.166,154.17,155.109,101392345
5/12/2014,155.731,156.697,155.127,156.62,105328659
5/13/2014,156.812,157.119,156.601,156.763,80511386
5/14/2014,156.62,156.697,155.759,155.98,87595723
5/15/2014,155.655,155.703,153.873,154.63,187779709
5/16/2014,154.726,155.243,154.075,155.175,118073986
5/19/2014,154.869,155.844,154.735,155.711,77294549
5/20/2014,155.635,155.655,154.372,154.754,135224981
5/21/2014,155.223,156.122,155.185,156.036,107918767
5/22/2014,156.084,156.782,155.815,156.448,74576018
5/23/2014,156.583,157.174,156.448,157.071,72880931
5/27/2014,157.645,158.094,157.559,158.036,87232008
5/28/2014,158.036,158.286,157.654,157.923,80849627
5/29/2014,158.286,158.745,157.874,158.726,77968501
5/30/2014,158.583,159.08,158.457,158.974,92456824
6/2/2014,159.206,159.244,158.421,159.156,78316830
6/3/2014,158.745,159.156,158.621,159.08,78813427
6/4/2014,158.792,159.483,158.641,159.395,67263868
6/5/2014,159.587,160.631,158.993,160.44,111583547
6/6/2014,160.782,161.244,160.728,161.205,95349011
6/9/2014,161.185,161.762,161.035,161.366,78780771
6/10/2014,161.166,161.424,160.811,161.385,69232174
6/11/2014,160.801,160.985,160.468,160.811,83326168
6/12/2014,160.631,160.738,159.319,159.712,128701252
6/13/2014,160.026,160.335,159.483,160.21,99381745
6/16/2014,160.018,160.679,159.817,160.315,105912945
6/17/2014,160.133,160.86,159.941,160.747,102775967
6/18/2014,160.747,162.038,160.402,161.931,127482205
6/19/2014,162.095,162.247,161.571,162.143,104114510
6/20/2014,162.536,162.591,162.277,162.468,120449842
6/23/2014,162.498,162.554,162.123,162.422,85105641
6/24/2014,162.133,162.916,161.224,161.414,116034170
6/25/2014,161.089,162.343,161.043,162.172,99802166
6/26/2014,162.201,162.221,160.927,162.048,101664582
6/27/2014,161.653,162.422,161.58,162.372,86173252
6/30/2014,162.277,162.65,162.133,162.286,85012964
7/1/2014,162.66,163.864,162.621,163.339,109033131
7/2/2014,163.358,163.722,163.281,163.529,63291471
7/3/2014,164,164.422,163.874,164.346,63851153
7/7/2014,164.028,164.171,163.519,163.752,74397103
7/8/2014,163.455,163.519,162.323,162.708,130410356
7/9/2014,163.091,163.568,162.757,163.426,88025574
7/10/2014,161.855,163.196,161.722,162.775,119436695
7/11/2014,162.689,163.11,162.343,163.014,77474737
7/14/2014,163.844,164.068,163.695,163.835,70667993
7/15/2014,163.951,164.257,162.785,163.529,134285882
7/16/2014,164.267,164.393,163.676,164.152,96533244
7/17/2014,163.606,164.257,162.038,162.277,175042582
7/18/2014,162.785,164.115,162.708,163.943,149946193
7/21/2014,163.398,163.742,162.851,163.606,81462615
7/22/2014,164.19,164.632,164.078,164.346,81595598
7/23/2014,164.574,164.842,164.257,164.699,79105302
7/24/2014,164.832,165.004,164.535,164.709,68558409
7/25/2014,164.247,164.393,163.596,163.951,92663989
7/28/2014,163.981,164.247,163.024,164.009,83494622
7/29/2014,164.316,164.535,163.243,163.272,97030611
7/30/2014,163.884,164.115,162.64,163.291,125678368
7/31/2014,162.201,162.343,160.018,160.124,221105545
8/1/2014,159.655,160.669,158.812,159.596,228208797
8/4/2014,159.932,161.089,159.224,160.738,110093142
8/5/2014,160.133,160.516,158.612,159.186,184115143
8/6/2014,158.457,159.941,158.438,159.244,114275902
8/7/2014,159.99,160.142,157.98,158.402,163535819
8/8/2014,158.726,160.315,158.323,160.229,141110865
8/11/2014,160.801,161.375,160.621,160.698,89886369
8/12/2014,160.525,160.947,159.99,160.448,88787718
8/13/2014,161.08,161.722,160.791,161.542,83206441
8/14/2014,161.8,162.323,161.653,162.323,69134191
8/15/2014,162.889,163.043,161.099,162.286,168782201
8/18/2014,163.148,163.704,163.063,163.616,90828341
8/19/2014,164.048,164.612,163.695,164.485,71193953
8/20/2014,164.277,165.101,164.239,164.899,87652026
8/21/2014,165.034,165.636,164.909,165.398,81731809
8/22/2014,165.253,165.579,164.765,165.128,91774876
8/25/2014,165.953,166.316,165.093,165.992,76982647
8/26/2014,166.093,166.487,166.066,166.093,57012906
8/27/2014,166.191,166.307,165.798,166.041,57725962
8/28/2014,165.482,166.057,165.302,165.953,70228811
8/29/2014,166.201,166.411,165.695,166.401,79482576
9/2/2014,166.623,166.652,165.734,166.326,87321259
9/3/2014,166.937,166.966,166.012,166.25,69287737
9/4/2014,166.507,167.13,165.55,166.002,102734489
9/5/2014,165.972,166.794,165.322,166.736,123216126
9/8/2014,166.576,166.814,165.826,166.316,77339355
9/9/2014,166.172,166.297,164.889,165.233,106783885
9/10/2014,165.342,165.992,164.783,165.884,81099813
9/11/2014,165.186,166.093,165.063,166.084,80566250
9/12/2014,165.914,165.934,164.632,165.073,141671156
9/15/2014,165.101,165.233,164.485,164.938,92126863
9/16/2014,164.67,166.507,164.574,166.231,140044220
9/17/2014,166.439,167.215,165.626,166.421,182409913
9/18/2014,166.917,167.368,166.736,167.341,114426130
9/19/2014,167.867,168.19,166.814,167.176,145620333
9/22/2014,166.863,166.89,165.55,165.894,150690798
9/23/2014,165.272,165.982,164.861,164.918,133673788
9/24/2014,164.928,166.335,164.525,166.241,128719771
9/25/2014,165.817,165.826,163.493,163.539,180244967
9/26/2014,163.854,165.233,163.606,164.832,124293581
9/29/2014,163.426,164.822,163.291,164.545,114173016
9/30/2014,164.67,165.167,163.77,164.133,157479077
10/1/2014,163.854,163.924,161.523,161.874,213320902
10/2/2014,161.742,162.498,160.229,161.903,188762012
10/3/2014,162.996,164.068,162.498,163.695,145942413
10/6/2014,164.393,164.593,162.907,163.511,125766485
10/7/2014,162.66,163.033,160.917,160.957,177475595
10/8/2014,161.06,164.048,160.238,163.8,223680080
10/9/2014,163.529,163.761,160.412,160.553,252671633
10/10/2014,160.506,161.293,158.659,158.706,266327489
10/13/2014,158.641,159.214,155.999,156.094,276748285
10/14/2014,156.946,158.122,155.778,156.342,258946706
10/15/2014,154.237,156.332,151.538,155.298,456919466
10/16/2014,152.483,156.247,152.363,155.166,324490273
10/17/2014,156.946,158.066,156.286,156.983,257494765
10/20/2014,156.735,158.631,156.679,158.535,155790687
10/21/2014,159.674,161.752,159.483,161.653,185713835
10/22/2014,161.931,162.372,160.432,160.506,182076910
10/23/2014,162.133,163.426,161.809,162.392,185917011
10/24/2014,162.64,163.666,162.01,163.606,141529342
10/27/2014,163.043,163.626,162.468,163.388,99587391
10/28/2014,163.971,165.262,163.884,165.253,128138433
10/29/2014,165.378,165.865,163.951,164.995,171142729
10/30/2014,164.574,166.546,164.44,166.093,136054621
10/31/2014,168.088,168.126,167.244,167.981,176359163
11/3/2014,168.2,168.652,167.685,168.078,112418510
11/4/2014,167.609,167.933,166.652,167.483,111966686
11/5/2014,168.728,168.755,167.799,168.547,109959293
11/6/2014,168.595,169.294,167.962,169.205,128345030
11/7/2014,169.215,169.58,168.775,169.358,107473515
11/10/2014,169.397,169.971,169.188,169.925,79543204
11/11/2014,169.991,170.214,169.629,170.105,65317876
11/12/2014,169.368,170.155,169.333,169.906,108129105
11/13/2014,170.085,170.622,169.254,170.115,102386471
11/14/2014,170.029,170.344,169.674,170.155,96505619
11/17/2014,169.8,170.414,169.629,170.259,96543067
11/18/2014,170.314,171.523,170.314,171.187,91296026
11/19/2014,171.016,171.187,170.204,170.938,98822024
11/20/2014,170.175,171.331,170.105,171.207,87352545
11/21/2014,172.929,173.121,171.579,172.182,170814313
11/24/2014,172.566,172.721,172.384,172.623,78950516
11/25/2014,172.853,173.073,172.288,172.508,94930634
11/26/2014,172.642,173.044,172.469,172.929,74528730
11/28/2014,172.804,173.14,172.384,172.585,69498086
12/1/2014,171.523,172.049,171.063,171.369,124772050
12/2/2014,171.417,172.682,171.389,172.498,89421312
12/3/2014,172.652,173.389,172.498,173.149,82732942
12/4/2014,172.853,173.484,172.202,172.949,109552069
12/5/2014,173.14,173.657,172.863,173.255,109259352
12/8/2014,172.834,173.37,171.531,172.115,130320363
12/9/2014,170.259,172.106,169.857,172.001,150198268
12/10/2014,171.513,171.579,169.015,169.205,191773736
12/11/2014,169.828,171.752,169.674,170.115,190709131
12/12/2014,168.794,169.771,167.322,167.351,242827366
12/15/2014,168.249,168.718,165.588,166.191,227932049
12/16/2014,165.407,168.604,164.792,164.832,310868993
12/17/2014,165.282,168.547,165.157,168.097,304665590
12/18/2014,170.554,177.379,169.867,172.278,308911541
12/19/2014,172.882,173.657,172.241,172.949,292581994
12/22/2014,173.149,173.79,172.9,173.79,176995313
12/23/2014,174.366,174.394,173.724,174.049,145706151
12/24/2014,174.251,174.48,174.021,174.059,51295244
12/26/2014,174.452,174.893,174.404,174.565,68436248
12/29/2014,174.385,175.005,174.356,174.766,95042230
12/30/2014,174.356,174.507,173.829,173.906,87783867
12/31/2014,174.222,174.375,172.029,172.172,155596641
1/2/2015,172.834,173.274,171.016,172.069,144993270
1/5/2015,171.006,171.148,168.662,168.957,202423620
1/6/2015,169.254,169.791,166.556,167.378,249677041
1/7/2015,168.718,169.791,168.249,169.435,149593226
1/8/2015,170.862,172.652,170.842,172.469,175671912
1/9/2015,172.853,172.873,170.463,171.063,189297470
1/12/2015,171.178,171.34,169.101,169.723,172362325
1/13/2015,170.968,172.115,167.952,169.244,256119496
1/14/2015,167.225,168.439,166.316,168.24,230086639
1/15/2015,168.881,169.178,166.576,166.697,210123239
1/16/2015,166.467,169.015,166.307,168.881,252905316
1/20/2015,169.503,169.791,167.647,169.225,156373917
1/21/2015,168.775,170.593,168.307,170.125,146755433
1/22/2015,170.842,172.729,169.454,172.604,207946945
1/23/2015,172.404,172.604,171.541,171.686,140269816
1/26/2015,171.446,172.192,170.748,172.088,109586325
1/27/2015,170.019,170.968,168.977,169.809,159920277
1/28/2015,171.006,171.092,167.435,167.619,730952201
1/29/2015,167.838,169.435,166.401,169.158,207079710
1/30/2015,168,169.323,166.774,167.044,236036703
2/2/2015,167.628,169.197,165.752,169.101,194432732
2/3/2015,170.048,171.579,169.636,171.571,148138465
2/4/2015,170.729,172.019,170.463,170.909,160259638
2/5/2015,171.588,172.765,171.503,172.623,116818307
2/6/2015,172.988,173.57,171.647,172.182,150002311
2/9/2015,171.503,172.268,170.986,171.369,104077060
2/10/2015,172.46,173.475,171.417,173.207,114768433
2/11/2015,173.034,173.773,172.421,173.322,108652115
2/12/2015,174.165,175.025,173.36,174.959,116321452
2/13/2015,175.103,175.774,174.805,175.716,111796316
2/17/2015,175.39,176.182,175.131,176.003,91879063
2/18/2015,175.618,176.098,175.331,176.022,96032667
2/19/2015,175.4,176.26,175.236,175.877,109168553
2/20/2015,175.467,176.999,174.776,176.909,168189354
2/23/2015,176.682,176.89,176.309,176.89,88820499
2/24/2015,176.816,177.601,176.529,177.389,86397138
2/25/2015,177.266,177.763,176.9,177.246,87209413
2/26/2015,177.149,177.306,176.432,177.046,86714408
2/27/2015,176.929,177.207,176.394,176.441,129010775
3/2/2015,176.549,177.61,176.499,177.543,104458506
3/3/2015,177.11,177.601,175.973,176.816,131721153
3/4/2015,176.25,176.319,175.093,176.107,136701391
3/5/2015,176.394,176.567,175.774,176.29,91780774
3/6/2015,175.409,175.838,173.456,173.819,224611332
3/9/2015,174.03,174.834,173.866,174.497,107237371
3/10/2015,173.121,173.207,171.657,171.696,187591414
3/11/2015,171.953,172.135,171.168,171.255,131506122
3/12/2015,171.924,173.524,171.588,171.877,112396333
3/13/2015,173.169,174.288,171.331,174.278,193970241
3/16/2015,173.13,174.746,172.441,174.681,162492759
3/17/2015,174.039,174.547,173.37,174.212,112838693
3/18/2015,173.714,176.939,173.044,176.29,273181196
3/19/2015,175.857,176.3,175.064,175.485,140784748
3/20/2015,176.432,177.514,176.26,177.018,125774634
3/23/2015,177.027,177.601,176.682,176.682,85324789
3/24/2015,176.558,177.009,175.628,175.696,92481261
3/25/2015,175.896,176.153,173.053,173.101,189611232
3/26/2015,172.45,173.619,171.725,172.682,181939381
3/27/2015,172.576,173.265,172.404,173.082,141373655
3/30/2015,174.423,175.523,174.155,175.188,114322237
3/31/2015,174.375,175.064,173.609,173.676,150680361
4/1/2015,173.639,173.667,172.059,173.044,163202135
4/2/2015,172.969,174.165,172.775,173.686,103291804
4/6/2015,172.756,175.37,172.623,174.805,135940685
4/7/2015,174.834,175.648,174.366,174.375,96539231
4/8/2015,174.595,175.428,174.232,174.949,106205836
4/9/2015,174.756,176.003,174.336,175.764,101606396
4/10/2015,176.022,176.748,175.799,176.711,86440191
4/13/2015,176.577,177.197,175.857,175.914,88477020
4/14/2015,175.716,176.432,175.064,176.26,89265439
4/15/2015,176.711,177.534,176.642,177.037,118247345
4/16/2015,176.701,177.485,176.509,176.979,81937455
4/17/2015,175.792,176.042,174.194,174.921,227161777
4/20/2015,175.887,176.881,175.799,176.558,109578647
4/21/2015,177.236,177.379,176.051,176.357,86162818
4/22/2015,176.691,177.369,175.764,177.197,93000697
4/23/2015,176.797,178.318,176.691,177.637,121936088
4/24/2015,178.078,178.347,177.601,178.069,72895217
4/27/2015,178.654,178.777,177.12,177.306,94326953
4/28/2015,177.286,177.935,176.135,177.877,103248102
4/29/2015,176.979,177.753,176.357,177.139,149391995
4/30/2015,176.587,176.959,174.654,175.38,191730791
5/1/2015,176.192,177.306,176.088,177.266,122903381
5/4/2015,177.696,178.385,177.592,177.782,84305788
5/5/2015,177.524,177.896,175.618,175.764,134702143
5/6/2015,176.329,176.632,173.983,175.005,160457063
5/7/2015,174.893,176.172,174.565,175.736,104851521
5/8/2015,177.398,178.25,177.315,178.041,185279413
5/11/2015,177.994,178.28,177.101,177.178,89988361
5/12/2015,176.367,177.197,175.533,176.672,142311109
5/13/2015,177.066,177.686,176.459,176.701,112524625
5/14/2015,177.706,178.644,177.427,178.538,114029473
5/15/2015,178.748,178.873,178.25,178.738,90890282
5/18/2015,178.565,179.543,178.499,179.286,88521933
5/19/2015,179.362,179.697,178.93,179.216,85717175
5/20/2015,179.325,179.869,178.787,179.094,91354736
5/21/2015,178.939,179.839,178.797,179.631,76980654
5/22/2015,179.226,179.669,179.122,179.178,68266730
5/26/2015,178.71,179.122,176.835,177.256,147635316
5/27/2015,177.716,179.169,177.296,178.939,110796299
5/28/2015,178.654,178.854,178.051,178.758,89056895
5/29/2015,178.692,178.728,177.352,177.629,148482464
6/1/2015,178.318,178.664,177.187,177.994,110944642
6/2/2015,177.514,178.528,176.89,177.811,108775691
6/3/2015,178.376,178.911,177.792,178.298,104386040
6/4/2015,177.563,178.25,176.469,176.777,180531571
6/5/2015,176.642,177.149,175.819,176.489,144661033
6/8/2015,176.384,176.529,175.313,175.4,105862793
6/9/2015,175.37,175.924,174.699,175.37,124803966
6/10/2015,176.163,177.849,176.107,177.455,159327143
6/11/2015,177.916,178.443,177.666,178.051,87811332
6/12/2015,177.207,177.916,176.403,176.691,162953838
6/15/2015,175.552,176.231,174.766,175.934,147846071
6/16/2015,175.782,176.959,175.608,176.881,101399391
6/17/2015,177.159,177.782,176.163,177.159,150608910
6/18/2015,177.773,179.494,177.197,179.008,197154607
6/19/2015,178.787,178.844,177.83,178.233,154339233
6/22/2015,179.139,179.733,178.911,179.13,83624182
6/23/2015,179.344,179.601,178.863,179.256,80999157
6/24/2015,178.978,179.362,177.925,177.954,109187539
6/25/2015,178.48,178.605,177.325,177.398,114865315
6/26/2015,177.773,178.021,176.816,177.359,123225250
6/29/2015,175.887,177.369,173.579,173.667,239674675
6/30/2015,175.207,175.255,173.542,174.059,216376656
7/1/2015,175.628,175.867,174.605,175.428,160846437
7/2/2015,175.905,176.088,174.796,175.246,123460407
7/6/2015,173.993,175.57,173.773,174.727,139549453
7/7/2015,174.94,176.003,172.556,175.857,205606703
7/8/2015,174.756,174.756,172.652,172.89,194014348
7/9/2015,175.015,175.283,173.111,173.216,170466944
7/10/2015,175.226,175.828,173.265,175.409,153130686
7/13/2015,176.691,177.437,176.652,177.325,125466318
7/14/2015,177.286,178.433,177.236,178.117,96621380
7/15/2015,178.154,178.634,177.553,178.051,115701365
7/16/2015,179.113,179.484,178.873,179.484,126192367
7/17/2015,179.475,179.706,179.047,179.641,105310809
7/20/2015,179.869,180.224,179.399,179.733,83329410
7/21/2015,179.591,179.859,178.728,179.008,92222465
7/22/2015,178.337,179.028,178.298,178.71,104882605
7/23/2015,178.825,178.92,177.306,177.666,107060503
7/24/2015,177.782,177.839,175.523,175.838,139288745
7/27/2015,174.921,175.476,174.375,174.776,156565864
7/28/2015,175.676,177.101,174.786,176.959,146137443
7/29/2015,177.092,178.423,176.939,178.194,125137247
7/30/2015,177.647,178.404,177.046,178.242,108001128
7/31/2015,178.748,178.777,177.647,177.954,122151204
8/3/2015,177.916,177.984,176.394,177.343,134747280
8/4/2015,177.266,177.734,176.529,177.009,96783375
8/5/2015,177.906,178.664,177.286,177.582,101474640
8/6/2015,177.773,177.877,175.57,176.163,137204972
8/7/2015,175.993,176.153,174.854,175.799,139410587
8/10/2015,176.909,178.107,176.909,178.012,94949689
8/11/2015,176.672,177.084,175.657,176.412,149040401
8/12/2015,175.083,176.806,173.609,176.632,203599857
8/13/2015,176.469,177.139,175.848,176.403,105728710
8/14/2015,176.222,177.11,176.079,177.046,86096969
8/17/2015,176.45,178.031,175.993,178.031,93532612
8/18/2015,177.743,178.117,177.266,177.495,84803031
8/19/2015,176.767,177.524,175.283,176.135,204572533
8/20/2015,174.565,176.107,172.404,172.45,229864658
8/21/2015,170.545,172.431,166.966,167.073,409968911
8/24/2015,158.515,166.927,154.21,160.257,599805317
8/25/2015,165.195,165.214,158.026,158.323,437464267
8/26/2015,162.392,164.68,159.244,164.413,401296715
8/27/2015,166.556,168.595,165.004,168.458,324276504
8/28/2015,167.818,168.957,167.341,168.467,189749278
8/31/2015,167.473,168.346,166.546,167.11,193161264
9/1/2015,163.253,164.661,161.234,162.143,302815099
9/2/2015,164.525,165.223,162.669,165.177,189577755
9/3/2015,165.924,167.435,164.802,165.312,179900109
9/4/2015,163.033,163.904,161.99,162.794,244949798
9/8/2015,165.665,167.053,164.976,166.89,137243209
9/9/2015,168.507,168.642,164.316,164.68,176658694
9/10/2015,164.485,166.736,164.229,165.588,187476818
9/11/2015,165.167,166.392,164.468,166.326,141579026
9/14/2015,166.487,166.546,165.195,165.734,93981280
9/15/2015,166.231,168.23,165.685,167.78,134617950
9/16/2015,168.097,169.416,167.731,169.215,117791979
9/17/2015,169.083,171.523,168.467,168.853,326527142
9/18/2015,166.307,167.905,165.695,166.191,145884010
9/21/2015,166.909,168,165.894,166.927,124413278
9/22/2015,164.746,165.233,163.626,164.774,181090958
9/23/2015,164.928,165.426,163.951,164.525,109191345
9/24/2015,163.281,164.413,161.931,163.943,187382054
9/25/2015,165.398,165.734,162.996,163.894,182460581
9/28/2015,162.966,163.082,159.454,159.788,210045782
9/29/2015,160.018,161.234,158.831,159.884,187156758
9/30/2015,161.771,163.014,160.967,162.831,192342101
10/1/2015,163.214,163.568,161.302,163.263,154247058
10/2/2015,161.264,165.761,160.718,165.734,248297848
10/5/2015,166.927,168.891,166.824,168.671,148401985
10/6/2015,168.517,169.073,167.416,168.097,129765489
10/7/2015,169.005,169.809,167.828,169.454,146278495
10/8/2015,169.043,171.255,168.765,170.986,180107668
10/9/2015,171.11,171.579,170.453,171.073,127016015
10/12/2015,171.139,171.446,170.739,171.226,66333179
10/13/2015,170.509,171.799,170.019,170.194,103599517
10/14/2015,170.135,170.71,169.035,169.34,116623078
10/15/2015,170.048,171.973,169.646,171.963,157851801
10/16/2015,172.394,172.729,171.598,172.711,134831986
10/19/2015,172.088,172.794,171.771,172.794,90049499
10/20/2015,172.404,173.216,172.135,172.585,92314251
10/21/2015,173.016,173.169,171.34,171.531,120073193
10/22/2015,172.498,174.625,171.531,174.413,205827178
10/23/2015,176.144,176.711,175.303,176.357,169972442
10/26/2015,176.182,176.24,175.552,175.914,81234443
10/27/2015,175.207,175.914,174.844,175.579,91675512
10/28/2015,175.914,177.582,175.217,177.553,159928180
10/29/2015,177.046,177.83,176.919,177.446,106525740
10/30/2015,177.637,177.984,176.549,176.701,154244825
11/2/2015,177.027,178.978,176.89,178.797,101517173
11/3/2015,178.443,179.879,178.214,179.305,112080771
11/4/2015,179.611,179.743,178.233,178.777,113171260
11/5/2015,178.815,179.295,177.666,178.595,92267416
11/6/2015,178.25,178.738,177.129,178.499,129997191
11/9/2015,177.859,178.021,175.867,176.816,154164468
11/10/2015,176.357,177.256,176.088,177.227,89285296
11/11/2015,177.485,177.543,176.479,176.549,79837649
11/12/2015,175.495,175.973,174.096,174.115,142757273
11/13/2015,173.657,173.953,172.029,172.125,180721685
11/16/2015,171.934,174.756,171.818,174.699,138438960
11/17/2015,175.035,175.954,174.145,174.585,142532275
11/18/2015,175.083,177.504,175.035,177.359,142789750
11/19/2015,177.246,177.637,176.909,177.217,103813334
11/20/2015,177.994,178.565,177.475,177.859,110628013
11/23/2015,177.925,178.453,177.187,177.647,76407656
11/24/2015,176.662,178.327,176.27,177.896,116286293
11/25/2015,178.031,178.25,177.61,177.867,61167452
11/27/2015,177.974,178.298,177.475,178.087,43913595
11/30/2015,178.26,178.376,177.227,177.333,132764084
12/1/2015,177.984,179.149,177.686,179.037,115154909
12/2/2015,178.978,179.305,176.939,177.197,127547654
12/3/2015,177.446,177.725,174.03,174.699,195500481
12/4/2015,175.122,178.443,174.976,178.136,227013027
12/7/2015,177.801,178.242,176.098,177.046,120060366
12/8/2015,175.485,176.999,174.834,175.867,121643421
12/9/2015,175.207,177.325,173.504,174.48,191105924
12/10/2015,174.547,176.29,174.356,174.921,136654534
12/11/2015,172.775,173.475,171.216,171.561,248498121
12/14/2015,171.715,172.556,169.935,172.441,214465169
12/15/2015,173.983,175.141,172.421,174.251,181301244
12/16/2015,175.37,177.084,174.076,176.777,231839349
12/17/2015,177.092,177.149,174.115,174.125,203686553
12/18/2015,173.351,173.475,170.832,170.986,205322141
12/21/2015,172.192,172.576,171.054,172.421,115919563
12/22/2015,173.303,174.278,172.327,173.993,129830181
12/23/2015,174.959,176.182,174.854,176.144,129831880
12/24/2015,175.857,176.384,175.608,175.828,56784142
12/28/2015,175.122,175.476,174.356,175.428,76898449
12/29/2015,176.549,177.629,176.519,177.286,108370169
12/30/2015,177.046,177.12,175.896,176.06,73971314
12/31/2015,175.35,176.022,174.297,174.297,134315447
1/4/2016,171.369,171.857,169.761,171.847,259061226
1/5/2016,172.182,172.594,171.016,172.145,129153052
1/6/2016,169.543,171.026,168.929,169.971,177399740
1/7/2016,166.957,168.784,165.492,165.884,248693428
1/8/2016,166.834,167.425,163.77,164.078,245135423
1/11/2016,164.976,165.332,162.277,164.239,219851954
1/12/2016,165.704,166.316,163.398,165.56,200163201
1/13/2016,166.25,166.576,161.025,161.414,258107319
1/14/2016,162.048,165.186,160.422,164.048,280354221
1/15/2016,159.674,161.348,158.583,160.496,378997664
1/19/2016,162.392,162.517,159.156,160.747,228394324
1/20/2016,158.19,160.285,154.754,158.687,333896607
1/21/2016,159.166,161.453,157.845,159.596,228173385
1/22/2016,162.247,163.063,161.463,162.851,196662622
1/25/2016,162.363,162.554,160.229,160.402,151479443
1/26/2016,161.06,162.861,160.728,162.601,163756360
1/27/2016,162.075,163.752,159.932,160.801,216413592
1/28/2016,162.392,162.601,160.018,161.663,167680747
1/29/2016,162.44,165.761,162.333,165.608,245999368
2/1/2016,164.584,166.345,164,165.55,158829846
2/2/2016,164.115,164.115,162.038,162.563,213246935
2/3/2016,163.616,163.961,159.961,163.529,239472679
2/4/2016,163.024,164.765,162.392,163.79,162961951
2/5/2016,163.263,163.854,160.046,160.689,211302912
2/8/2016,158.783,159.1,156.276,158.535,223573193
2/9/2016,156.763,159.826,156.62,158.525,214641333
2/10/2016,159.339,160.976,158.248,158.392,172596321
2/11/2016,155.854,157.385,154.811,156.315,255645176
2/12/2016,158.122,159.558,157.251,159.539,149206964
2/16/2016,161.357,162.277,160.392,162.247,140166661
2/17/2016,163.417,165.243,163.281,164.861,158306336
2/18/2016,165.147,165.195,163.904,164.219,119473396
2/19/2016,163.426,164.306,162.785,164.142,134168941
2/22/2016,165.752,166.662,165.675,166.497,120766282
2/23/2016,165.835,166.123,164.306,164.422,130156348
2/24/2016,162.946,165.434,161.845,165.147,176131975
2/25/2016,165.617,167.157,164.832,167.149,128942613
2/26/2016,168.048,168.152,166.613,166.764,151338153
2/29/2016,166.774,167.751,165.253,165.463,146599905
3/1/2016,166.707,169.407,166.259,169.407,165418221
3/2/2016,169.015,170.194,168.623,170.135,119480449
3/3/2016,169.944,170.785,169.34,170.777,111109837
3/4/2016,170.986,172.135,170.165,171.321,150886068
3/7/2016,170.414,171.887,170.334,171.465,116781582
3/8/2016,170.404,170.9,169.435,169.599,144679535
3/9/2016,170.423,170.785,169.629,170.443,110573337
3/10/2016,170.938,171.887,168.728,170.583,183468402
3/11/2016,172.049,173.379,170.554,173.341,161299462
3/14/2016,172.785,173.56,172.489,173.101,86016213
3/15/2016,172.145,173.13,171.867,172.794,108900603
3/16/2016,172.366,174.251,172.327,173.848,151129539
3/17/2016,173.753,175.447,173.351,174.903,156925525
3/18/2016,175.437,175.973,175.113,175.618,160891864
3/21/2016,175.341,176.126,175.113,175.867,84737660
3/22/2016,175.073,176.367,174.893,175.774,113204502
3/23/2016,175.38,175.579,174.423,174.595,94240332
3/24/2016,173.56,174.547,173.36,174.517,98050948
3/28/2016,174.93,175.15,174.212,174.625,71854946
3/29/2016,174.241,176.384,173.936,176.27,107716901
3/30/2016,177.246,177.753,176.672,177.018,99724444
3/31/2016,176.909,177.343,176.441,176.613,109600185
4/1/2016,175.598,177.994,175.255,177.801,131830864
4/4/2016,177.716,177.925,176.9,177.207,72922099
4/5/2016,175.867,177.227,175.178,175.457,114837321
4/6/2016,175.552,177.408,175.255,177.352,106673460
4/7/2016,176.29,176.642,174.489,175.226,130773195
4/8/2016,176.45,176.871,175.16,175.726,110494921
4/11/2016,176.384,177.056,175.197,175.293,96092687
4/12/2016,175.485,177.207,175.015,176.919,133743734
4/13/2016,177.859,178.797,177.725,178.728,111593986
4/14/2016,178.787,179.246,178.385,178.738,75700463
4/15/2016,178.738,178.807,178.223,178.538,88083023
4/18/2016,177.994,179.829,177.859,179.809,95684902
4/19/2016,180.214,180.596,179.543,180.357,101573438
4/20/2016,180.386,181.257,179.937,180.509,94308593
4/21/2016,180.518,180.645,179.295,179.581,99100657
4/22/2016,179.196,179.839,178.664,179.571,115466988
4/25/2016,178.948,179.305,178.347,179.256,76777646
4/26/2016,179.631,180.021,179.037,179.534,87867129
4/27/2016,179.13,180.28,178.777,179.898,89870050
4/28/2016,179.122,180.233,177.83,178.298,112616309
4/29/2016,177.629,177.984,176.202,177.276,165649380
5/2/2016,177.801,178.873,177.343,178.728,72150632
5/3/2016,177.437,177.686,176.394,177.12,123570060
5/4/2016,176.163,176.871,175.657,176.182,107093103
5/5/2016,176.642,176.979,175.696,176.153,78422178
5/6/2016,175.331,176.806,175.169,176.767,102468904
5/9/2016,176.652,177.333,176.469,176.9,85578674
5/10/2016,177.629,179.13,177.553,179.113,89901395
5/11/2016,178.664,179.187,177.417,177.417,94953740
5/12/2016,178.126,178.298,176.479,177.485,103969494
5/13/2016,177.168,177.743,175.618,175.954,112188447
5/16/2016,176.144,178.164,176.079,177.666,89863926
5/17/2016,177.379,177.686,175.495,176.042,132962904
5/18/2016,175.676,177.246,174.949,176.098,143378752
5/19/2016,175.331,175.764,174.259,175.467,134062191
5/20/2016,176.107,177.084,176.051,176.587,122078131
5/23/2016,176.604,176.863,176.163,176.347,68180968
5/24/2016,177.129,178.93,177.11,178.625,108461699
5/25/2016,179.305,180.242,179.266,179.829,91792936
5/26/2016,179.975,180.184,179.571,179.888,64147183
5/27/2016,180.03,180.645,180.003,180.606,73119431
5/31/2016,180.912,181.036,179.753,180.309,127606052
6/1/2016,179.706,180.844,179.504,180.664,81177133
6/2/2016,180.27,181.267,179.809,181.247,73200079
6/3/2016,180.645,181.036,179.475,180.673,118321900
6/6/2016,181.045,181.964,180.874,181.612,75292354
6/7/2016,181.763,182.452,181.744,181.898,70806865
6/8/2016,182.031,182.615,181.898,182.48,76881621
6/9/2016,181.754,182.357,181.467,182.241,85739790
6/10/2016,180.824,181.199,179.975,180.471,131795214
6/13/2016,179.907,180.749,179.028,179.113,136673702
6/14/2016,178.728,179.362,177.801,178.768,145262291
6/15/2016,179.187,179.907,178.337,178.518,126562884
6/16/2016,177.637,179.216,176.672,179.047,173638398
6/17/2016,178.939,178.958,177.706,178.385,135006066
6/20/2016,180.357,181.045,179.446,179.534,94429759
6/21/2016,179.927,180.432,179.475,180.021,83700410
6/22/2016,180.214,180.941,179.601,179.753,109540946
6/23/2016,181.238,182.137,180.739,182.097,115498233
6/24/2016,175.887,182.127,175.083,175.457,385631392
6/27/2016,174.155,174.165,171.579,172.421,286543590
6/28/2016,174.059,175.552,173.724,175.523,184025655
6/29/2016,176.909,178.738,176.816,178.509,158351611
6/30/2016,178.968,180.971,178.413,180.931,189214408
7/1/2016,180.815,181.821,180.758,181.267,122679679
7/5/2016,180.461,180.568,179.408,180.003,126721187
7/6/2016,179.524,181.229,178.835,181.092,110893259
7/7/2016,181.296,181.946,180.194,180.961,98885229
7/8/2016,182.289,183.897,182.07,183.687,155011279
7/11/2016,184.138,184.912,183.906,184.339,85015837
7/12/2016,185.285,185.946,185.074,185.659,116651177
7/13/2016,186.07,186.08,185.161,185.629,100937960
7/14/2016,186.902,187.142,186.281,186.665,105034296
7/15/2016,187.248,187.268,185.956,186.425,120418108
7/18/2016,186.53,187.076,186.291,186.912,67627483
7/19/2016,186.492,186.76,186.252,186.721,62833244
7/20/2016,187.218,187.756,186.76,187.496,67161837
7/21/2016,187.39,187.62,186.347,186.79,78285857
7/22/2016,186.912,187.689,186.645,187.64,72579635
7/25/2016,187.419,187.476,186.53,187.123,64536620
7/26/2016,187.03,187.572,186.357,187.218,80699853
7/27/2016,187.592,187.66,186.242,187.02,97170813
7/28/2016,186.809,187.526,186.347,187.238,75033700
7/29/2016,186.96,187.918,186.675,187.536,91848402
8/1/2016,187.592,188.013,186.912,187.372,84683226
8/2/2016,187.123,187.278,185.324,186.176,106749969
8/3/2016,186.107,186.77,185.811,186.712,62182169
8/4/2016,186.817,187.248,185.074,186.912,53786029
8/5/2016,187.611,188.492,187.486,188.453,83137723
8/8/2016,188.645,188.751,188.079,188.348,45942296
8/9/2016,188.405,188.923,188.136,188.453,59134491
8/10/2016,188.569,188.655,187.63,188.005,66891149
8/11/2016,188.521,189.084,188.264,188.855,83750250
8/12/2016,188.551,188.894,188.301,188.692,70875850
8/15/2016,189.037,189.583,189.028,189.21,57559037
8/16/2016,188.818,188.875,188.274,188.274,61441542
8/17/2016,188.31,188.76,187.439,188.617,86730589
8/18/2016,188.597,189.047,188.472,189.019,61031752
8/19/2016,188.569,188.913,188.079,188.76,87115047
8/22/2016,188.521,188.961,188.166,188.76,70992759
8/23/2016,189.353,189.671,189.047,189.104,61698987
8/24/2016,188.961,189.056,187.746,188.186,82843902
8/25/2016,187.783,188.462,187.62,188.061,80037994
8/26/2016,188.234,189.24,186.77,187.679,141696690
8/29/2016,187.82,188.865,187.783,188.617,81543603
8/30/2016,188.521,188.808,187.736,188.31,66674734
8/31/2016,187.978,188.088,186.97,187.766,98324717
9/1/2016,187.756,188.079,186.586,187.775,113169253
9/2/2016,188.635,189.028,188.061,188.617,91625300
9/6/2016,188.894,189.24,188.186,189.162,65446478
9/7/2016,189,189.335,188.56,189.142,88348817
9/8/2016,188.837,189.084,188.424,188.741,85532504
9/9/2016,187.4,187.449,184.193,184.222,255083817
9/12/2016,183.438,187.258,183.391,186.845,194103845
9/13/2016,185.572,185.821,183.536,184.176,211094293
9/14/2016,184.232,185.449,183.536,184.1,154083556
9/15/2016,183.916,186.338,183.735,185.926,166840179
9/16/2016,185.314,185.507,184.529,185.239,178683493
9/19/2016,185.869,186.53,184.951,185.248,92271191
9/20/2016,186.117,186.291,185.239,185.257,79824714
9/21/2016,185.966,187.536,185.275,187.354,126807843
9/22/2016,188.396,188.837,188.136,188.541,88173056
9/23/2016,188.146,188.292,187.4,187.496,84666505
9/26/2016,186.655,186.825,185.773,185.966,103330504
9/27/2016,185.811,187.238,185.449,187.133,89695954
9/28/2016,187.354,188.234,186.386,188.079,100334022
9/29/2016,187.869,188.283,185.801,186.357,146752072
9/30/2016,187.208,188.482,186.95,187.775,132686575
10/3/2016,187.354,187.546,186.675,187.316,96059621
10/4/2016,187.419,187.65,185.756,186.357,137950488
10/5/2016,187,187.62,186.921,187.188,83729850
10/6/2016,186.96,187.546,186.415,187.316,72021906
10/7/2016,187.592,187.775,185.926,186.675,103238373
10/10/2016,187.65,188.127,187.496,187.65,59542975
10/11/2016,187.218,187.278,184.539,185.266,149966752
10/12/2016,185.42,186.042,184.932,185.523,84465157
10/13/2016,184.176,185.42,183.362,184.932,116569832
10/14/2016,185.888,186.367,184.951,185.028,107460311
10/17/2016,185,185.239,184.185,184.379,67026881
10/18/2016,185.966,186.033,185.161,185.523,88349863
10/19/2016,185.783,186.329,185.43,186.005,76423296
10/20/2016,185.659,186.232,185.018,185.669,84662150
10/21/2016,184.883,185.831,184.712,185.746,102508734
10/24/2016,186.635,186.912,186.186,186.539,69073287
10/25/2016,186.357,186.625,185.746,185.908,76468020
10/26/2016,185.114,186.127,184.855,185.553,87056242
10/27/2016,186.281,186.309,185,185.074,88746071
10/28/2016,185.045,185.708,183.765,184.499,161856044
10/31/2016,184.855,185.094,184.359,184.509,70525308
11/1/2016,184.855,184.912,181.954,183.179,141400100
11/2/2016,182.856,183.265,181.629,182.088,118837294
11/3/2016,182.289,182.509,180.951,181.257,102386979
11/4/2016,181.38,182.214,180.884,181.036,125620673
11/7/2016,183.555,185.094,183.428,185.054,126029647
11/8/2016,184.645,186.445,184.379,185.849,120779012
11/9/2016,184.369,188.472,184.349,187.85,297171283
11/10/2016,188.645,189.495,186.817,188.328,197900297
11/11/2016,187.572,188.127,186.912,187.888,115685662
11/14/2016,188.405,188.617,187.258,188.041,108951182
11/15/2016,188.415,189.469,188.215,189.469,105578971
11/16/2016,188.855,189.353,188.751,189.104,75368826
11/17/2016,189.266,190.188,189.152,190.118,80045306
11/18/2016,190.197,190.368,189.478,189.671,99162060
11/21/2016,190.281,191.134,190.128,191.106,83125135
11/22/2016,191.42,191.66,190.75,191.478,77498973
11/23/2016,190.951,191.631,190.76,191.574,65096730
11/25/2016,191.937,192.35,191.86,192.312,43626855
11/28/2016,191.987,192.283,191.288,191.39,88156036
11/29/2016,191.43,192.243,191.124,191.776,80294333
11/30/2016,192.416,192.57,191.239,191.307,129381486
12/1/2016,191.602,191.602,190.271,190.637,90865636
12/2/2016,190.711,191.18,190.36,190.711,85875814
12/5/2016,191.537,192.205,191.337,191.851,77837654
12/6/2016,192.043,192.501,191.537,192.471,68594710
12/7/2016,192.312,195.019,192.185,194.961,126948955
12/8/2016,194.934,195.949,194.684,195.45,110874340
12/9/2016,195.69,196.647,195.651,196.627,100782762
12/12/2016,196.524,197.018,195.998,196.397,117170714
12/13/2016,197.076,198.207,197.058,197.747,127004469
12/14/2016,197.423,198.112,195.641,196.079,163053445
12/15/2016,196.31,197.784,196.208,196.894,142462101
12/16/2016,197.363,197.423,196.189,196.504,176527269
12/19/2016,196.684,197.363,196.532,196.943,103308742
12/20/2016,197.49,197.852,197.249,197.719,102689955
12/21/2016,197.584,197.756,197.145,197.145,77636112
12/22/2016,196.991,197.116,196.397,196.8,64093155
12/23/2016,196.849,197.096,196.656,197.086,41975412
12/27/2016,197.363,197.978,197.353,197.602,48815074
12/28/2016,197.852,197.862,195.841,195.959,73311109
12/29/2016,196.033,196.367,195.459,195.92,55673915
12/30/2016,196.235,196.31,194.493,195.172,124824674
1/3/2017,196.504,197.202,195.489,196.684,104321900
1/4/2017,197.01,197.997,197,197.852,89860933
1/5/2017,197.602,197.852,196.894,197.719,89660399
1/6/2017,197.824,198.857,197.259,198.389,81657854
1/9/2017,198.13,198.273,197.738,197.766,53510341
1/10/2017,197.784,198.609,197.363,197.766,72382653
1/11/2017,197.691,198.292,196.991,198.292,85330540
1/12/2017,197.804,197.997,196.427,197.824,82491522
1/13/2017,197.978,198.56,197.938,198.254,71619345
1/17/2017,197.642,198.006,197.175,197.584,69978709
1/18/2017,197.824,198.023,197.259,197.997,62586631
1/19/2017,198.063,198.207,196.829,197.268,75823326
1/20/2017,197.948,198.483,197.393,197.988,140834294
1/23/2017,197.682,198.023,196.703,197.49,85807328
1/24/2017,197.719,199.163,197.602,198.743,109082076
1/25/2017,199.719,200.454,199.556,200.454,96323974
1/26/2017,200.303,200.58,199.988,200.244,68532568
1/27/2017,200.322,200.474,199.776,199.95,68180688
1/30/2017,199.24,199.269,197.729,198.694,91108770
1/31/2017,198.187,198.743,197.652,198.675,86327125
2/1/2017,199.328,199.623,198.15,198.753,90389991
2/2/2017,198.379,199.173,198.043,198.876,79601780
2/3/2017,199.822,200.446,199.508,200.254,92260785
2/6/2017,199.871,200.235,199.574,199.921,66116648
2/7/2017,200.283,200.531,199.739,199.931,66220065
2/8/2017,199.643,200.293,199.375,200.169,58841595
2/9/2017,200.454,201.661,200.418,201.363,75381784
2/10/2017,201.709,202.387,201.595,202.159,75340864
2/13/2017,202.647,203.53,202.627,203.261,63035811
2/14/2017,203.06,204.102,202.714,204.092,80193776
2/15/2017,203.863,205.317,203.806,205.117,98749073
2/16/2017,205.155,205.335,204.208,204.946,96855695
2/17/2017,204.275,205.271,204.265,205.271,87972830
2/21/2017,205.681,206.659,205.671,206.524,100515625
2/22/2017,206.112,206.543,205.939,206.333,70915175
2/23/2017,206.83,206.849,205.721,206.476,83413842
2/24/2017,205.624,206.753,205.576,206.705,94171855
2/27/2017,206.629,207.204,206.399,207.021,64596694
2/28/2017,206.649,206.879,206.103,206.504,110767187
3/1/2017,208.199,209.856,208.181,209.386,170501309
3/2/2017,209.174,209.183,208.034,208.093,80338195
3/3/2017,207.999,208.371,207.586,208.218,93564790
3/6/2017,207.366,207.951,206.935,207.566,62328228
3/7/2017,207.251,207.625,206.725,206.926,74259778
3/8/2017,207.231,207.5,206.437,206.563,88892558
3/9/2017,206.666,207.136,205.864,206.81,103449398
3/10/2017,207.806,207.854,206.591,207.549,93501359
3/13/2017,207.48,207.71,207.136,207.663,65543903
3/14/2017,207.088,207.136,206.275,206.849,68553402
3/15/2017,207.423,209.06,207.185,208.667,109954533
3/16/2017,208.772,208.851,207.932,208.275,89689141
3/17/2017,208.514,208.714,207.892,207.892,101302774
3/20/2017,207.892,208.199,207.241,207.654,59842270
3/21/2017,208.275,208.4,204.831,204.971,150188260
3/22/2017,205.01,205.777,204.37,205.472,111169609
3/23/2017,205.203,206.409,204.85,205.232,114445088
3/24/2017,205.566,206.15,204.295,205.089,128239259
3/27/2017,203.403,205.137,203.115,204.87,99481201
3/28/2017,204.572,206.792,204.456,206.389,106472204
3/29/2017,206.103,206.792,205.874,206.563,70031313
3/30/2017,206.524,207.415,206.343,207.213,64603868
3/31/2017,206.879,207.405,206.676,206.734,83442136
4/3/2017,206.783,206.973,205.127,206.399,97543264
4/4/2017,206.112,206.601,205.74,206.524,64206457
4/5/2017,207.185,208.218,205.721,205.912,123457310
4/6/2017,206.055,206.983,205.614,206.495,78639086
4/7/2017,206.255,206.945,205.804,206.294,84847667
4/10/2017,206.419,207.185,205.874,206.409,76997916
4/11/2017,206.016,206.284,204.639,206.169,100392479
4/12/2017,205.884,206.073,205.01,205.232,92866831
4/13/2017,204.888,205.671,203.93,203.93,105647365
4/17/2017,204.428,205.75,204.237,205.75,77752858
4/18/2017,204.963,205.671,204.399,205.098,94809943
4/19/2017,205.701,206.065,204.494,204.723,77829660
4/20/2017,205.345,206.82,205.02,206.409,105253629
4/21/2017,206.324,206.379,205.327,205.758,117940502
4/24/2017,208.034,208.237,207.5,208.025,135697677
4/25/2017,208.667,209.568,208.573,209.203,86132445
4/26/2017,209.166,210.085,209.011,209.06,96146195
4/27/2017,209.414,209.568,208.714,209.252,65163380
4/28/2017,209.52,209.549,208.676,208.782,72442501
5/1/2017,209.328,209.748,208.889,209.328,75932952
5/2/2017,209.462,209.587,208.964,209.414,65163343
5/3/2017,208.955,209.5,208.466,209.137,83067756
5/4/2017,209.462,209.539,208.543,209.405,69939020
5/5/2017,209.768,210.254,209.328,210.237,70696139
5/8/2017,210.274,210.42,209.748,210.2,55042210
5/9/2017,210.459,210.629,209.635,210.005,58300377
5/10/2017,209.96,210.38,209.738,210.38,61828897
5/11/2017,209.922,210.124,208.822,209.95,70960081
5/12/2017,209.682,209.787,209.319,209.587,61269058
5/15/2017,210.025,210.849,210.015,210.727,69832281
5/16/2017,211.032,211.061,210.181,210.523,57610522
5/17/2017,208.792,209.29,206.734,206.802,195554613
5/18/2017,206.725,208.514,206.486,207.654,122059696
5/19/2017,208.171,209.672,208.113,208.973,130354250
5/22/2017,209.52,210.245,209.452,210.075,68738939
5/23/2017,210.449,210.667,210.065,210.515,55024947
5/24/2017,210.737,211.115,210.43,211.005,55608975
5/25/2017,211.548,212.305,211.329,212.046,72921301
5/26/2017,211.844,212.161,211.769,211.999,53003897
5/30/2017,211.673,212.056,211.511,211.806,40075224
5/31/2017,212.102,212.142,211.032,211.769,103161271
6/1/2017,212.228,213.453,211.932,213.433,78290799
6/2/2017,213.492,214.307,213.175,214.152,100826426
6/5/2017,213.98,214.257,213.787,213.999,50923335
6/6/2017,213.414,213.99,213.214,213.301,57347837
6/7/2017,213.635,213.942,212.946,213.693,61508219
6/8/2017,213.797,214.287,213.263,213.807,74701031
6/9/2017,214.094,214.87,212.21,213.482,150683821
6/12/2017,213.224,213.492,212.554,213.433,97892839
6/13/2017,213.99,214.545,213.616,214.486,68108730
6/14/2017,214.744,214.744,213.367,214.209,89115265
6/15/2017,212.811,213.932,212.535,213.797,75674414
6/16/2017,213.961,214.018,212.936,213.846,95310522
6/19/2017,214.678,215.673,214.593,215.607,73571798
6/20/2017,215.234,215.234,214.152,214.171,64131332
6/21/2017,214.545,214.678,213.626,214.132,63517913
6/22/2017,214.142,214.632,213.846,214.028,50005442
6/23/2017,214.094,214.622,213.683,214.277,75854655
6/26/2017,214.939,215.347,214.209,214.419,64194000
6/27/2017,214.199,214.505,212.64,212.659,93211785
6/28/2017,213.712,214.774,213.482,214.602,79320821
6/29/2017,214.735,214.774,211.482,212.678,120982025
6/30/2017,213.512,213.912,212.88,213.09,98260113
7/3/2017,214.066,214.505,213.463,213.463,44427939
7/5/2017,213.836,214.171,212.994,213.961,61560256
7/6/2017,213.165,213.301,211.816,212.008,74868161
7/7/2017,212.563,213.512,212.401,213.367,64769964
7/10/2017,213.224,213.99,213.052,213.596,41462366
7/11/2017,213.414,213.76,212.268,213.443,57016187
7/12/2017,214.429,215.197,214.429,215.031,67181628
7/13/2017,215.04,215.502,214.811,215.376,44696820
7/14/2017,215.386,216.774,215.281,216.431,68331602
7/17/2017,216.343,216.725,216.219,216.401,37961821
7/18/2017,215.962,216.565,215.617,216.516,48259685
7/19/2017,216.813,217.682,216.803,217.672,57730314
7/20/2017,217.913,218.047,217.205,217.751,53326714
7/21/2017,217.176,217.597,216.954,217.579,100603077
7/24/2017,217.493,217.662,217.033,217.523,52781647
7/25/2017,218.277,218.382,217.809,218.047,61844434
7/26/2017,218.344,218.374,217.779,218.057,53694151
7/27/2017,218.536,218.574,216.535,217.839,79904800
7/28/2017,217.377,217.712,216.911,217.597,56768026
7/31/2017,217.998,218.096,217.263,217.483,74282862
8/1/2017,218.077,218.115,217.424,217.951,62345438
8/2/2017,218.087,218.21,217.12,218.067,53780018
8/3/2017,217.941,217.97,217.367,217.643,46211775
8/4/2017,218.144,218.374,217.652,218.037,68268625
8/7/2017,218.106,218.449,217.998,218.449,36145525
8/8/2017,218.125,219.359,217.533,217.895,69722310
8/9/2017,217.205,217.941,216.853,217.885,70706815
8/10/2017,217.042,217.176,214.764,214.811,136033138
8/11/2017,215.04,215.741,214.803,215.137,84787546
8/14/2017,216.457,217.493,216.421,217.272,82911275
8/15/2017,217.662,217.682,216.936,217.244,62467982
8/16/2017,217.76,218.182,217.186,217.626,64066165
8/17/2017,216.993,217.329,214.248,214.248,145186705
8/18/2017,214.084,215.187,213.453,213.912,155069984
8/21/2017,213.846,214.344,213.116,214.084,74159054
8/22/2017,214.661,216.487,214.651,216.314,71452126
8/23/2017,215.301,215.954,215.177,215.511,56727260
8/24/2017,215.924,216.075,214.803,215.012,57349887
8/25/2017,215.827,216.477,215.347,215.511,72363732
8/28/2017,216.066,216.094,215.107,215.521,44349756
8/29/2017,214.218,216.046,214.113,215.788,57750762
8/30/2017,215.769,217.071,215.568,216.803,70059118
8/31/2017,217.434,218.354,217.337,218.106,116900155
9/1/2017,218.498,218.842,218.267,218.42,70274677
9/5/2017,217.895,218.135,215.874,216.853,102326099
9/6/2017,217.543,217.913,216.983,217.588,65338614
9/7/2017,217.885,217.903,217.138,217.569,65557661
9/8/2017,217.272,217.76,217.052,217.311,72330856
9/11/2017,218.612,219.703,218.593,219.628,80846762
9/12/2017,219.999,220.412,219.808,220.383,64292092
9/13/2017,220.085,220.516,219.961,220.479,66962338
9/14/2017,220.164,220.613,219.97,220.412,107135501
9/15/2017,220.268,220.785,220.164,220.699,106363239
9/18/2017,221.052,221.493,220.775,221.148,52380357
9/19/2017,221.406,221.466,221.044,221.376,53043760
9/20/2017,221.466,221.559,220.469,221.456,67132139
9/21/2017,221.292,221.386,220.699,220.862,54293391
9/22/2017,220.584,221.072,220.555,220.9,57798946
9/25/2017,220.66,220.995,219.711,220.479,64244873
9/26/2017,220.89,221.13,220.363,220.603,61002694
9/27/2017,221.292,221.846,220.422,221.446,91169441
9/28/2017,221.158,221.798,221.072,221.714,50430457
9/29/2017,221.704,222.604,221.503,222.516,96280853
10/2/2017,222.739,223.465,222.584,223.465,66409169
10/3/2017,223.588,223.952,223.378,223.934,75237690
10/4/2017,223.779,224.458,223.666,224.192,63004232
10/5/2017,224.555,225.57,224.422,225.55,71531964
10/6/2017,225.092,225.359,224.814,225.283,90988220
10/9/2017,225.14,225.331,224.652,224.911,40309986
10/10/2017,225.494,225.876,224.939,225.514,48388187
10/11/2017,225.407,225.856,225.245,225.856,53662132
10/12/2017,225.55,225.886,225.274,225.533,52877499
10/13/2017,225.963,226,225.533,225.801,61687462
10/16/2017,226.029,226.288,225.704,226.096,43017639
10/17/2017,226.049,226.297,225.827,226.25,35520773
10/18/2017,226.633,226.679,226.279,226.479,45864876
10/19/2017,225.714,226.575,225.264,226.536,69664168
10/20/2017,227.34,227.742,227.082,227.713,100577831
10/23/2017,228.058,228.088,226.729,226.795,72082703
10/24/2017,227.236,227.446,226.833,227.207,73433905
10/25/2017,226.862,226.988,224.956,226.096,116853385
10/26/2017,226.709,226.978,226.26,226.394,78637232
10/27/2017,227.128,228.411,226.842,228.252,96261920
10/30/2017,227.677,228.164,227.073,227.388,61266789
10/31/2017,227.78,228.02,227.436,227.751,67111912
11/1/2017,228.539,228.873,227.677,228.068,61168379
11/2/2017,227.992,228.29,226.872,228.154,63710526
11/3/2017,228.307,228.929,227.887,228.891,67271016
11/6/2017,228.757,229.378,228.688,229.236,55924463
11/7/2017,229.35,229.676,228.606,229.084,64606622
11/8/2017,228.91,229.572,228.622,229.476,56769667
11/9/2017,228.272,228.846,227.036,228.64,106744147
11/10/2017,228.272,228.678,227.954,228.587,67591924
11/13/2017,227.896,229.015,227.857,228.787,56532162
11/14/2017,227.992,228.372,227.168,228.272,68969185
11/15/2017,227.265,227.82,226.403,227.1,90615868
11/16/2017,228.097,229.408,228.058,229.035,76202480
11/17/2017,228.688,228.882,228.307,228.382,85451747
11/20/2017,228.622,228.947,228.382,228.757,54012566
11/21/2017,229.544,230.451,229.456,230.269,77842285
11/22/2017,230.277,230.404,229.878,230.058,50697214
11/24/2017,230.556,230.7,230.414,230.595,31453410
11/27/2017,230.634,230.92,230.277,230.48,58796488
11/28/2017,230.93,232.816,230.845,232.787,111414670
11/29/2017,232.921,233.475,232.221,232.652,87173916
11/30/2017,233.599,235.62,233.515,234.701,143311393
12/1/2017,234.498,234.969,230.93,234.222,185078397
12/4/2017,235.86,236.281,233.897,233.944,105950797
12/5/2017,234.194,234.815,232.94,233.065,87892187
12/6/2017,232.787,233.572,232.652,233.112,85284895
12/7/2017,232.977,234.194,232.853,233.888,86814106
12/8/2017,234.701,235.16,234.46,235.15,86285122
12/11/2017,235.208,235.908,235.131,235.86,93552962
12/12/2017,236.079,236.74,235.889,236.261,95404684
12/13/2017,236.53,236.969,236.145,236.234,116099946
12/14/2017,236.559,236.651,235.228,235.275,112575778
12/15/2017,236.29,237.707,236.234,237.256,159939839
12/18/2017,238.645,239.103,238.549,238.73,93651910
12/19/2017,238.988,239.037,237.756,237.819,91430200
12/20/2017,238.798,238.846,237.419,237.697,86060866
12/21/2017,238.328,238.892,237.946,238.186,74059923
12/22/2017,238.206,238.234,237.58,238.126,88362518
12/26/2017,237.717,238.032,237.58,237.838,50671900
12/27/2017,238.023,238.318,237.678,237.966,64793758
12/28/2017,238.462,238.491,238.069,238.452,50325116
12/29/2017,239.037,239.056,237.37,237.553,107555368
1/2/2018,238.425,239.286,238.032,239.248,97070359
1/3/2018,239.419,240.912,239.419,240.749,100373207
1/4/2018,241.429,242.241,241.333,241.783,90393972
1/5/2018,242.568,243.536,242.08,243.408,92933614
1/8/2018,243.314,244.012,242.999,243.843,64221495
1/9/2018,244.252,245.008,244.002,244.377,64174238
1/10/2018,243.639,244.271,242.94,244.032,77958103
1/11/2018,244.562,245.803,244.397,245.803,69915732
1/12/2018,246.072,247.555,245.938,247.392,101630092
1/16/2018,248.655,249.326,245.859,246.559,119404228
1/17/2018,247.48,249.287,246.741,248.893,126770327
1/18/2018,248.77,249.212,247.986,248.484,112792928
1/19/2018,249.076,249.633,248.484,249.633,158765721
1/22/2018,249.402,251.641,249.344,251.641,102394645
1/23/2018,251.679,252.495,251.364,252.179,108848139
1/24/2018,252.838,253.423,250.867,252.081,151228607
1/25/2018,252.932,253.03,251.401,252.189,94748960
1/26/2018,253.02,255.097,252.782,255.097,120878651
1/29/2018,254.551,254.953,253.239,253.403,100996183
1/30/2018,251.564,252.179,250.339,250.791,147706072
1/31/2018,251.669,252.189,249.862,250.922,133313576
2/1/2018,250.197,251.975,249.862,250.646,100847328
2/2/2018,249.316,249.459,245.154,245.191,194236640
2/5/2018,243.438,245.543,234.406,234.94,328592862
2/6/2018,231.389,240.09,230.286,239.573,398831541
2/7/2018,239.008,242.425,238.186,238.271,187293895
2/8/2018,238.568,238.701,229.294,229.331,275088292
2/9/2018,232.166,234.673,225.15,232.767,318236358
2/12/2018,234.845,237.678,233.102,236.185,158638223
2/13/2018,234.978,237.351,234.406,236.778,91089639
2/14/2018,235.275,240.348,235.265,239.982,135345281
2/15/2018,241.746,243.057,239.248,243.047,123837331
2/16/2018,242.387,245.077,242.338,243.123,180125263
2/20/2018,241.582,243.631,241.582,241.582,95973112
2/21/2018,242.032,244.542,240.299,240.396,109722713
2/22/2018,241.333,243.067,240.031,240.693,121874213
2/23/2018,241.945,244.532,241.468,244.532,103408841
2/26/2018,245.63,247.46,245.018,247.373,96911825
2/27/2018,247.555,248.292,244.214,244.281,111326455
2/28/2018,245.393,245.869,241.507,241.822,136949282
3/1/2018,241.592,243.18,236.778,238.299,198676232
3/2/2018,236.614,240.11,235.725,239.525,156243914
3/5/2018,238.318,242.911,238.214,242.26,109313599
3/6/2018,243.306,243.382,241.409,242.903,88986831
3/7/2018,240.703,243.19,240.521,242.809,97805777
3/8/2018,243.526,244.12,242.481,244.012,75155707
3/9/2018,245.413,248.244,245.095,248.244,127644925
3/12/2018,248.532,249.163,247.527,247.929,80799190
3/13/2018,249.095,249.633,245.719,246.33,103316467
3/14/2018,247.287,247.47,244.502,245.057,118960876
3/15/2018,245.581,246.233,244.281,244.771,93727370
3/16/2018,245.324,246.138,244.998,245.057,112273617
3/19/2018,244.3,245.237,240.09,241.756,122192327
3/20/2018,242.148,242.789,241.488,242.158,66861862
3/21/2018,242.119,244.224,241.498,241.697,88067427
3/22/2018,239.448,240.309,235.371,235.65,166475201
3/23/2018,236.088,236.855,230.442,230.634,205355353
3/26/2018,234.278,237.248,231.851,236.939,158833383
3/27/2018,237.888,238.425,231.331,232.892,145390294
3/28/2018,233.027,234.72,231.101,232.221,163864144
3/29/2018,233.361,237.083,232.23,235.199,139016359
4/2/2018,234.663,235.18,227.609,230.117,208434083
4/3/2018,231.361,233.543,229.552,233.036,134218633
4/4/2018,229.466,236.261,229.331,235.552,138423959
4/5/2018,237.351,238.299,236.224,237.439,92479257
4/6/2018,235.418,236.939,230.595,232.138,200864637
4/9/2018,233.599,236.691,232.326,233.256,117979130
4/10/2018,236.175,237.775,235.036,236.978,117817324
4/11/2018,235.466,237.439,235.4,235.725,101975983
4/12/2018,237.083,238.616,236.893,237.668,77080926
4/13/2018,238.988,239.113,235.946,236.978,95194311
4/16/2018,238.616,239.697,237.802,238.912,70943594
4/17/2018,240.693,242.09,240.196,241.498,72372138
4/18/2018,241.935,242.454,241.192,241.658,64116759
4/19/2018,240.998,241.2,239.276,240.329,86888484
4/20/2018,240.252,240.463,237.409,238.281,111836645
4/23/2018,238.846,239.428,237.172,238.243,73352195
4/24/2018,239.286,239.497,233.515,235.036,126306499
4/25/2018,234.978,236.05,233.112,235.611,116186687
4/26/2018,236.642,238.846,236.195,238.023,75784650
4/27/2018,238.616,238.921,237.305,238.234,63836804
4/30/2018,238.846,239.428,236.328,236.403,91953049
5/1/2018,235.83,236.93,234.259,236.817,83025465
5/2/2018,236.614,237.459,234.835,235.238,96637420
5/3/2018,234.406,235.371,231.524,234.701,152517668
5/4/2018,233.745,238.443,233.389,237.756,102067546
5/7/2018,238.53,239.544,237.829,238.558,61880151
5/8/2018,238.176,238.912,236.978,238.558,75524288
5/9/2018,239.239,241.192,238.691,240.855,66759901
5/10/2018,241.612,243.458,241.525,243.123,80631673
5/11/2018,243.258,244.13,242.701,243.871,66989687
5/14/2018,244.291,244.94,243.438,243.993,61304707
5/15/2018,242.711,242.731,241.343,242.26,97383936
5/16/2018,242.3,243.794,242.27,243.334,60355917
5/17/2018,243.047,244.195,242.29,243.113,63258059
5/18/2018,242.74,243.133,242.138,242.481,72020721
5/21/2018,244.022,244.847,242.501,244.32,64924622
5/22/2018,244.828,245.105,243.334,243.649,59263573
5/23/2018,242.329,244.339,242.197,244.31,72385728
5/24/2018,243.927,244.185,242.013,243.824,85084741
5/25/2018,243.248,243.88,242.701,243.248,63077200
5/29/2018,241.582,242.329,239.314,240.434,129689079
5/30/2018,241.764,244.102,241.688,243.649,77962578
5/31/2018,243.248,243.555,241.544,242.148,104638605
6/1/2018,243.478,244.809,243.408,244.522,79730383
6/4/2018,245.343,245.957,245.115,245.699,50781047
6/5/2018,245.831,246.261,245.038,245.879,57214525
6/6/2018,246.491,248.034,245.869,247.919,70190499
6/7/2018,248.425,248.695,246.97,247.89,81644796
6/8/2018,247.43,248.675,247.258,248.616,80716472
6/11/2018,248.848,249.707,248.723,248.963,65894296
6/12/2018,249.383,249.67,248.616,249.277,80928286
6/13/2018,249.535,249.803,248.292,248.493,88471381
6/14/2018,249.363,249.67,248.512,249.105,86263820
6/15/2018,248.33,249.135,247.202,248.79,133711061
6/18/2018,247.315,248.425,246.847,248.302,58943464
6/19/2018,246.004,247.545,245.563,247.324,108637719
6/20/2018,248.024,248.444,247.411,247.755,59910203
6/21/2018,247.746,247.763,245.709,246.214,79153382
6/22/2018,247.46,247.582,246.445,246.666,63058584
6/25/2018,245.479,245.65,241.582,243.314,153552034
6/26/2018,243.88,244.673,243.113,243.843,76504377
6/27/2018,244.423,245.869,241.658,241.822,117079944
6/28/2018,241.764,243.983,241.047,243.209,85378944
6/29/2018,244.3,245.69,243.448,243.565,108705655
7/2/2018,241.965,244.224,241.716,244.092,70791950
7/3/2018,244.96,245.067,242.759,243.219,46991040
7/5/2018,244.349,245.247,243.278,245.184,63408247
7/6/2018,245.208,247.631,244.818,247.258,74065534
7/9/2018,248.292,249.555,248.244,249.497,56306726
7/10/2018,249.948,250.483,249.67,250.389,57884450
7/11/2018,248.808,249.633,248.262,248.56,85829196
7/12/2018,249.852,250.848,249.22,250.791,66971266
7/13/2018,250.628,251.316,250.17,250.99,53727625
7/16/2018,251.039,251.192,250.339,250.761,53689837
7/17/2018,249.994,252.198,249.948,251.795,58272824
7/18/2018,251.882,252.456,251.44,252.339,49671457
7/19/2018,251.641,252.033,250.877,251.382,68405301
7/20/2018,251.162,251.805,250.914,251.078,91752761
7/23/2018,250.867,251.756,250.532,251.555,52405014
7/24/2018,252.972,253.66,251.939,252.838,75773368
7/25/2018,252.596,255.298,252.552,254.962,87865566
7/26/2018,254.254,255.058,254.149,254.39,64514962
7/27/2018,254.705,254.8,251.708,252.674,85526712
7/30/2018,252.754,252.884,250.781,251.334,71001058
7/31/2018,252.101,253.173,251.708,252.596,76378822
8/1/2018,252.792,253.278,251.5,252.15,59985767
8/2/2018,250.81,253.68,250.618,253.508,70648915
8/3/2018,253.631,254.666,253.452,254.619,60077172
8/6/2018,254.648,255.862,254.254,255.546,43887585
8/7/2018,256.216,256.753,256.093,256.38,48115580
8/8/2018,256.216,256.656,255.816,256.273,46910263
8/9/2018,256.341,256.715,255.786,255.939,39784176
8/10/2018,254.494,255.011,253.48,254.214,85852928
8/13/2018,254.513,255.107,252.952,253.248,73218114
8/14/2018,253.996,255.117,253.584,254.868,48834456
8/15/2018,253.498,253.641,251.529,252.962,114645778
8/16/2018,254.444,255.91,254.408,255.011,77935378
8/17/2018,254.81,256.361,254.416,255.93,73090656
8/20/2018,256.371,256.715,255.93,256.466,44340488
8/21/2018,256.983,257.938,256.495,257.068,74932446
8/22/2018,256.639,257.444,256.371,256.906,50116860
8/23/2018,256.715,257.614,256.254,256.57,54807956
8/24/2018,257.156,258.264,257.097,258.131,64033663
8/27/2018,259.318,260.273,259.183,260.171,63571381
8/28/2018,260.628,260.735,259.806,260.293,52289067
8/29/2018,260.514,261.921,260.255,261.681,68487056
8/30/2018,261.185,261.566,260.025,260.628,68201890
8/31/2018,260.227,261.06,259.702,260.637,73672498
9/4/2018,260.227,260.561,259.183,260.197,64152813
9/5/2018,259.815,260.035,258.475,259.47,80702815
9/6/2018,259.566,259.893,257.672,258.686,73415218
9/7/2018,257.653,259.192,257.395,258.206,81897320
9/10/2018,259.22,259.48,258.465,258.638,55928571
9/11/2018,257.996,259.95,257.643,259.49,56284553
9/12/2018,259.5,260.19,258.752,259.547,66621589
9/13/2018,260.647,261.279,260.362,261.08,56845644
9/14/2018,261.299,261.481,260.371,261.126,61351987
9/17/2018,261.07,261.107,259.47,259.748,76015197
9/18/2018,259.978,261.767,259.95,261.156,68982609
9/19/2018,261.212,261.873,261.08,261.434,54669515
9/20/2018,262.705,263.902,261.453,263.567,111789017
9/21/2018,264.303,264.419,263.165,263.325,116962679
9/24/2018,262.725,262.877,261.863,262.447,59224077
9/25/2018,262.907,263.012,261.97,262.227,49200373
9/26/2018,262.352,263.549,260.983,261.405,88420520
9/27/2018,261.902,263.263,261.615,262.17,65699636
9/28/2018,261.508,262.667,261.471,262.198,77721870
10/1/2018,263.433,264.161,262.408,263.086,68837149
10/2/2018,262.937,263.651,262.552,262.937,52402984
10/3/2018,263.997,264.411,262.705,263.078,71737558
10/4/2018,262.591,262.638,259.404,261.012,123689336
10/5/2018,261.241,261.767,258.131,259.547,117486112
10/8/2018,258.868,259.921,257.471,259.547,97294207
10/9/2018,259.192,260.514,258.609,259.192,82431880
10/10/2018,258.657,258.733,250.599,250.962,238107700
10/11/2018,249.882,251.529,243.824,245.441,304760953
10/12/2018,249.614,249.891,245.63,248.858,203129056
10/15/2018,248.493,249.862,247.363,247.45,113396637
10/16/2018,249.45,253.239,248.973,252.866,131129734
10/17/2018,252.903,253.528,250.31,252.903,122669264
10/18/2018,251.966,252.596,247.967,249.258,149206106
10/19/2018,249.921,251.882,248.435,249.125,155132001
10/22/2018,249.823,250.13,247.45,248.004,91387992
10/23/2018,244.349,247.87,242.223,246.751,162285383
10/24/2018,246.501,246.895,238.701,239.276,197163590
10/25/2018,241.132,245.125,240.1,243.584,153091589
10/26/2018,239.812,244.387,236.55,239.286,223518979
10/29/2018,242.387,243.726,234.348,237.956,178249023
10/30/2018,237.783,241.803,237.305,241.498,174220401
10/31/2018,244.092,246.417,243.612,244.082,142263280
11/1/2018,244.922,246.867,243.843,246.675,110326545
11/2/2018,247.773,248.216,243.133,245.191,135984648
11/5/2018,245.699,247.105,244.692,246.559,72766462
11/6/2018,246.491,248.282,246.435,248.109,66627133
11/7/2018,250.31,253.488,249.882,253.413,113938188
11/8/2018,252.635,253.593,251.805,252.952,72724773
11/9/2018,251.632,251.824,249.076,250.483,109569773
11/12/2018,249.976,250.216,245.285,245.813,110524519
11/13/2018,246.281,248.302,244.605,245.333,108864589
11/14/2018,247.239,247.641,242.09,243.677,138980605
11/15/2018,242.368,246.693,240.788,246.224,149809231
11/16/2018,245.105,247.773,244.57,246.867,140457734
11/19/2018,246.252,246.549,241.756,242.672,114281499
11/20/2018,239.314,240.778,237.331,238.186,150829248
11/21/2018,239.754,240.922,238.988,238.998,83789976
11/23/2018,237.36,238.817,237.266,237.429,47468150
11/26/2018,239.687,241.478,239.295,241.239,88688518
11/27/2018,240.196,242.04,239.581,242.04,83722001
11/28/2018,243.143,247.612,241.984,247.612,141524009
11/29/2018,246.847,248.493,245.69,247.077,91311049
11/30/2018,246.923,249.153,246.618,248.588,108895172
12/3/2018,252.782,252.866,250.263,251.882,114232725
12/4/2018,251.029,251.48,243.418,243.726,197362428
12/6/2018,239.812,243.478,236.671,243.362,226414018
12/7/2018,243.009,244.577,236.845,237.687,178548218
12/10/2018,237.526,239.133,233.216,238.136,167933016
12/11/2018,241.39,241.564,236.701,238.196,134731989
12/12/2018,241.209,242.577,239.322,239.401,108642920
12/13/2018,240.356,241.229,238.186,239.322,107185886
12/14/2018,237.162,238.097,234.348,234.902,129694014
12/17/2018,233.934,235.065,228.64,230.286,183508542
12/18/2018,231.943,232.633,228.421,230.03,149159056
12/19/2018,230.117,233.934,224.873,226.595,238397910
12/20/2018,225.331,226.9,220.641,222.91,279493124
12/21/2018,223.809,226.518,217.682,218.344,281494208
12/24/2018,216.833,218.459,212.505,212.563,162396977
12/26/2018,214.056,223.301,212.046,223.301,240859272
12/27/2018,220.037,225.235,216.764,225.025,205341978
12/28/2018,226.403,228.058,223.542,224.726,168778355
12/31/2018,226.384,226.939,224.488,226.699,159076294
1/2/2019,223.128,227.877,223.101,226.929,139922927
1/3/2019,225.178,225.485,221.024,221.503,158901367
1/4/2019,224.605,229.589,224.202,228.938,157234688
1/7/2019,229.207,232.175,228.326,230.757,113701021
1/8/2019,232.948,233.399,230.414,232.902,113010351
1/9/2019,233.637,234.864,232.405,234.012,104735666
1/10/2019,232.471,235.093,231.772,234.835,106739141
1/11/2019,233.755,234.96,233.141,234.931,81421521
1/14/2019,232.987,234.308,232.596,233.485,78169559
1/15/2019,233.878,236.492,233.868,236.155,93933991
1/16/2019,236.604,237.628,236.393,236.73,85587067
1/17/2019,235.85,239.411,235.801,238.53,105961407
1/18/2019,240.366,242.177,238.568,241.706,140997884
1/22/2019,240.224,240.434,236.807,238.443,127362109
1/23/2019,239.497,240.196,236.452,238.931,94840185
1/24/2019,238.749,239.659,237.737,239.065,65266915
1/25/2019,240.941,241.926,239.17,241.103,106804662
1/28/2019,238.912,239.322,237.478,239.266,94380890
1/29/2019,239.411,239.974,238.088,238.931,72908999
1/30/2019,240.463,243.584,239.697,242.711,101943401
1/31/2019,242.655,245.333,242.425,244.838,114663388
2/1/2019,245.047,246.014,244.175,244.96,94567053
2/4/2019,245.008,246.76,244.339,246.703,66965398
2/5/2019,247.133,248.034,246.638,247.73,87699347
2/6/2019,247.44,247.939,246.675,247.402,64322876
2/7/2019,245.776,246.33,243.382,245.038,105259755
2/8/2019,243.794,245.441,242.95,245.333,83549993
2/11/2019,246.014,246.281,244.931,245.479,74987132
2/12/2019,247.113,249.027,247.037,248.636,79671026
2/13/2019,249.488,250.3,249.066,249.45,71961891
2/14/2019,248.35,250.032,247.508,248.893,91757983
2/15/2019,250.684,251.641,250.474,251.603,107030986
2/19/2019,250.781,252.724,250.771,252.033,65175046
2/20/2019,251.995,253.002,251.5,252.57,84456064
2/21/2019,251.91,252.273,250.674,251.641,70790609
2/22/2019,252.283,253.403,251.632,253.202,86113913
2/25/2019,254.666,255.174,253.462,253.537,76099761
2/26/2019,253.192,254.264,252.982,253.373,62665199
2/27/2019,252.674,253.602,251.699,253.258,62750604
2/28/2019,253.03,253.48,252.485,252.811,76361685
3/1/2019,254.399,254.791,252.903,254.38,86958283
3/4/2019,255.442,255.681,251.115,253.433,117400179
3/5/2019,253.556,253.768,252.57,253.087,65168163
3/6/2019,253.212,253.221,251.24,251.574,82724190
3/7/2019,251.106,251.259,248.607,249.469,104601761
3/8/2019,247.572,249.135,247.113,248.973,94581685
3/11/2019,249.707,252.754,249.679,252.596,71765325
3/12/2019,253.125,254.046,252.932,253.518,87825855
3/13/2019,254.434,256.159,254.264,255.202,88896977
3/14/2019,255.231,255.651,254.619,255.04,74432559
3/15/2019,255.593,257.117,255.412,256.302,89243263
3/18/2019,256.513,257.528,256.292,257.23,68269382
3/19/2019,258.313,259.089,256.39,257.297,99076655
3/20/2019,257.068,258.303,255.402,256.513,92865538
3/21/2019,255.681,259.815,255.632,259.404,87313052
3/22/2019,258.045,258.571,254.37,254.434,134628614
3/25/2019,254.073,255.269,252.942,254.234,93925787
3/26/2019,256.014,257.087,254.712,256.142,74773777
3/27/2019,256.132,256.695,253.212,254.791,79272548
3/28/2019,255.422,256.216,254.264,255.749,61726412
3/29/2019,257.288,257.7,256.159,257.355,90206750
4/1/2019,259.376,260.725,259.127,260.428,85192051
4/2/2019,260.619,260.792,259.728,260.561,43980491
4/3/2019,261.767,262.19,260.362,260.955,74902503
4/4/2019,261.279,261.902,260.6,261.645,53778774
4/5/2019,262.323,262.964,262.036,262.917,64342149
4/8/2019,262.496,263.234,261.815,263.116,58793440
4/9/2019,262.15,262.477,261.203,261.759,72596610
4/10/2019,262.198,262.744,261.759,262.648,57734451
4/11/2019,263.155,263.165,262.017,262.591,60469190
4/12/2019,264.208,264.648,262.638,264.352,76531952
4/15/2019,264.429,264.533,263.383,264.181,54436424
4/16/2019,265.088,265.148,263.76,264.352,57242405
4/17/2019,265.511,265.539,263.3,263.711,63954226
4/18/2019,264.293,264.506,262.994,264.227,75413220
4/22/2019,263.463,264.61,263.373,264.457,44079043
4/23/2019,264.841,267.08,264.6,266.832,57344960
4/24/2019,266.745,267.1,266.104,266.245,55310351
4/25/2019,266.152,266.736,264.878,266.086,63408253
4/26/2019,266.133,267.396,265.356,267.318,55884945
4/29/2019,267.415,268.276,267.318,267.751,62779211
4/30/2019,267.396,268.18,265.967,267.893,89026771
5/1/2019,268.525,268.725,265.855,265.864,78665747
5/2/2019,265.74,266.668,263.78,265.299,71375938
5/3/2019,266.774,268.18,265.416,267.893,62061292
5/6/2019,263.531,267.222,263.224,266.774,117658659
5/7/2019,264.342,264.955,260.409,262.332,158852928
5/8/2019,261.97,263.691,261.356,261.97,100503697
5/9/2019,259.863,261.776,258.121,261.165,113568012
5/10/2019,260.235,263.263,257.203,262.496,123400357
5/13/2019,257.306,258.294,255.04,255.891,139711777
5/14/2019,256.915,259.738,256.781,258.216,84517352
5/15/2019,256.55,260.371,256.351,259.702,81173212
5/16/2019,260.438,263.493,260.371,262.131,84239019
5/17/2019,259.776,262.946,259.757,260.438,110145662
5/20/2019,258.802,260.053,257.948,258.696,69013326
5/21/2019,260.428,261.405,260.171,261.031,51418512
5/22/2019,260.073,261.193,259.738,260.245,54311063
5/23/2019,257.986,258.036,255.623,257.058,108368483
5/24/2019,258.514,258.933,257.011,257.643,60661261
5/28/2019,257.921,258.885,255.221,255.241,76862955
5/29/2019,254.11,254.542,252.111,253.518,115216385
5/30/2019,254.303,255.134,253.087,254.224,68624970
5/31/2019,251.641,252.505,250.751,250.781,95339016
6/3/2019,250.818,251.975,248.808,250.16,105837573
6/4/2019,252.505,255.719,252.024,255.584,84768324
6/5/2019,257.23,257.824,255.402,257.795,78114593
6/6/2019,258.111,260.171,257.444,259.47,76205527
6/7/2019,260.524,263.175,260.352,262.082,81519821
6/10/2019,263.641,264.964,263.204,263.291,66731940
6/11/2019,265.128,265.511,262.562,263.224,64363658
6/12/2019,262.974,263.54,262.237,262.744,51692058
6/13/2019,263.661,264.19,262.956,263.836,53721317
6/14/2019,263.54,264.143,262.764,263.54,57430662
6/17/2019,263.78,264.411,263.473,263.641,43031477
6/18/2019,265.501,267.473,265.128,266.39,93771716
6/19/2019,266.532,267.547,265.566,267.003,86351571
6/20/2019,269.731,269.97,267.072,269.558,127945140
6/21/2019,269.271,270.554,268.935,269.156,90997004
6/24/2019,269.368,269.702,268.677,268.824,51973517
6/25/2019,268.879,268.905,266.086,266.19,89598005
6/26/2019,267.11,267.624,265.808,265.93,56344995
6/27/2019,266.687,267.386,266.315,266.867,44079096
6/28/2019,267.874,268.755,267.338,268.246,64827649
7/1/2019,271.635,271.846,269.462,270.669,86407265
7/2/2019,270.631,271.454,269.777,271.395,67179992
7/3/2019,272.065,273.569,271.923,273.549,44672918
7/5/2019,272.304,273.416,271.003,273.244,56445948
7/8/2019,271.913,273.052,271.195,271.759,50071906
7/9/2019,270.574,272.383,270.516,272.075,44893976
7/10/2019,273.158,274.354,272.631,273.387,64002572
7/11/2019,274.038,274.277,272.996,274.028,55585402
7/12/2019,274.525,275.309,274.21,275.235,44078191
7/15/2019,275.685,275.685,274.841,275.329,37039394
7/16/2019,275.235,275.444,274.143,274.402,44311448
7/17/2019,274.439,274.603,272.592,272.592,48172077
7/18/2019,272.075,273.979,271.655,273.579,56472558
7/19/2019,274.699,274.727,271.875,272.055,77640393
7/22/2019,272.469,273.283,271.942,272.727,47718739
7/23/2019,273.875,274.689,273.014,274.689,48778872
7/24/2019,273.923,275.971,273.828,275.971,51569921
7/25/2019,275.503,275.559,273.847,274.66,60505686
7/26/2019,275.339,276.697,275.205,276.507,49244293
7/29/2019,276.383,276.431,275.416,275.99,41644654
7/30/2019,274.583,275.722,274.19,275.299,50079853
7/31/2019,275.55,275.75,270.268,272.294,113864581
8/1/2019,272.46,275.435,269.12,269.931,155809558
8/2/2019,269.024,269.262,266.324,267.903,127522992
8/5/2019,263.75,263.864,257.921,259.834,195239521
8/6/2019,261.749,263.701,260.273,263.493,131850579
8/7/2019,260.381,264.411,258.225,263.641,153543836
8/8/2019,265.167,268.804,264.59,268.804,95807869
8/9/2019,267.874,268.468,265.195,266.984,102379066
8/12/2019,265.482,266.974,262.764,263.78,66430915
8/13/2019,263.433,269.291,263.086,267.844,103540173
8/14/2019,263.731,267.761,259.776,259.912,148136833
8/15/2019,260.821,261.499,258.533,260.61,111335614
8/16/2019,262.286,264.888,260.667,264.438,93744977
8/19/2019,267.511,268.324,266.813,267.644,58589900
8/20/2019,267.128,267.664,265.472,265.595,56419105
8/21/2019,267.778,268.124,267.08,267.751,54311754
8/22/2019,268.458,269.091,265.864,267.664,56513632
8/23/2019,266.344,268.027,259.519,260.792,163096765
8/26/2019,263.002,263.661,261.444,263.661,79321799
8/27/2019,265.088,265.472,261.863,262.638,74562093
8/28/2019,261.97,264.648,261.146,264.477,65375309
8/29/2019,267.08,268.392,266.057,267.874,63350871
8/30/2019,269.359,269.378,266.794,267.751,68771697
9/3/2019,266.017,266.945,264.832,266.172,75620375
9/4/2019,268.373,269.212,267.624,269.192,51341336
9/5/2019,271.732,273.579,269.156,272.66,91048682
9/6/2019,272.967,273.529,272.284,272.859,54159774
9/9/2019,273.875,273.971,272.045,272.996,55990430
9/10/2019,272.226,272.996,270.964,272.937,63294278
9/11/2019,273.253,274.975,272.602,274.9,75171660
9/12/2019,275.799,276.917,275.014,275.836,79636537
9/13/2019,276.287,276.661,275.265,275.646,67835680
9/16/2019,274.516,275.695,274.153,274.813,63560875
9/17/2019,274.613,275.579,274.439,275.484,46863513
9/18/2019,275.09,275.77,273.034,275.656,81038306
9/19/2019,276.056,277.082,275.29,275.636,85305967
9/20/2019,276.247,276.546,273.529,274.344,105961006
9/23/2019,273.664,274.994,273.416,274.277,51690272
9/24/2019,275.369,275.77,271.158,272.115,105864879
9/25/2019,272.192,274.181,270.697,273.733,79842705
9/26/2019,273.742,273.962,271.751,273.158,63847082
9/27/2019,273.932,274.038,270.114,271.704,92179994
9/30/2019,272.202,273.664,272.154,272.947,57149937
10/1/2019,273.847,274.497,269.481,269.712,97746070
10/2/2019,268.104,268.114,263.631,264.945,135391236
10/3/2019,264.707,267.147,261.96,267.118,93403923
10/4/2019,267.778,270.983,267.483,270.716,72521677
10/7/2019,269.912,271.577,269.262,269.558,65950085
10/8/2019,267.683,268.419,265.346,265.386,110440005
10/9/2019,267.415,268.833,265.501,267.893,71441637
10/10/2019,267.816,270.583,267.654,269.712,62252728
10/11/2019,272.488,274.774,272.373,272.497,110062838
10/14/2019,272.164,272.85,271.855,272.183,44085193
10/15/2019,273.253,275.636,273.129,274.909,52006707
10/16/2019,274.431,275.129,274.008,274.459,54976302
10/17/2019,275.616,276.135,274.554,275.245,50867822
10/18/2019,274.727,275.349,273.148,274.057,69952836
10/21/2019,275.379,276.106,274.949,275.905,42904672
10/22/2019,276.459,276.756,274.929,275.004,53413288
10/23/2019,274.764,275.856,274.535,275.809,38045581
10/24/2019,276.766,276.917,275.407,276.257,38986753
10/25/2019,275.676,277.942,275.616,277.379,49150506
10/28/2019,278.621,279.466,278.592,278.958,45825148
10/29/2019,278.678,279.819,278.548,278.87,48149684
10/30/2019,279.082,280.098,277.752,279.733,53976376
10/31/2019,279.724,279.724,277.503,278.985,75080144
11/1/2019,280.442,281.619,280.277,281.57,77350066
11/4/2019,283.13,283.274,282.327,282.701,65896110
11/5/2019,282.911,283.198,282.086,282.394,46680018
11/6/2019,282.394,282.728,281.493,282.461,50544059
11/7/2019,283.81,284.787,282.968,283.446,59008637
11/8/2019,283.081,284.2,282.394,284.146,53351053
11/11/2019,282.748,283.781,282.604,283.609,39070963
11/12/2019,283.972,285.104,283.417,284.2,50541356
11/13/2019,283.188,284.68,282.968,284.297,59211681
11/14/2019,284.01,284.777,283.36,284.689,56540102
11/15/2019,286.059,286.796,285.351,286.749,68178588
11/18/2019,286.527,287.219,286.069,286.968,53632853
11/19/2019,287.579,287.588,286.24,286.882,73855908
11/20/2019,286.298,286.805,284.26,285.838,86651405
11/21/2019,285.954,286.05,284.557,285.36,59435302
11/22/2019,286.126,286.26,284.967,286.011,48764328
11/25/2019,286.932,288.222,286.932,288.222,53018216
11/26/2019,288.251,289.046,287.934,288.872,41020486
11/27/2019,289.351,290.175,289.129,290.175,48132131
11/29/2019,289.58,289.839,288.853,289.074,39786205
12/2/2019,289.332,289.399,286.193,286.633,82752180
12/3/2019,283.878,284.777,282.479,284.689,81733064
12/4/2019,285.772,287.064,285.409,286.471,53483270
12/5/2019,287.17,287.19,285.657,286.968,44340704
12/6/2019,288.909,290.012,288.9,289.59,53229243
12/9/2019,289.198,289.888,288.614,288.692,37950430
12/10/2019,288.633,289.295,287.706,288.366,57741817
12/11/2019,288.825,289.428,288.28,289.178,58192291
12/12/2019,289.188,292.462,288.949,291.678,105014886
12/13/2019,291.43,293.094,290.652,291.86,88663084
12/16/2019,293.591,294.451,291.792,293.849,90065273
12/17/2019,294.232,294.549,293.83,293.916,66466764
12/18/2019,294.311,294.549,293.879,293.936,52406386
12/19/2019,294.128,295.209,293.869,295.152,92840310
12/20/2019,296.174,297.592,295.18,296.435,161576630
12/23/2019,297.229,297.278,296.74,296.894,57360324
12/24/2019,297.122,297.171,296.588,296.904,21931155
12/26/2019,297.278,298.492,297.268,298.482,33566650
12/27/2019,299.221,299.275,297.87,298.405,46042228
12/30/2019,298.492,298.633,296.262,296.759,53862474
12/31/2019,296.242,297.736,295.907,297.478,61786972
1/2/2020,299.028,300.291,298.099,300.272,64109741
1/3/2020,296.836,299.123,296.777,297.994,84157524
1/6/2020,296.203,299.211,296.09,299.123,60331695
1/7/2020,298.56,299.028,297.84,298.29,46366805
1/8/2020,298.482,301.105,298.234,299.871,74042398
1/9/2020,301.468,301.967,300.865,301.899,52549927
1/10/2020,302.502,302.655,300.578,301.039,57405493
1/13/2020,301.661,303.123,301.238,303.113,51135177
1/14/2020,302.665,303.727,302.081,302.645,68202278
1/15/2020,302.559,304.092,302.473,303.344,77961705
1/16/2020,304.734,305.852,304.492,305.852,58479805
1/17/2020,306.59,307.01,305.784,306.8,103700691
1/21/2020,305.833,307.01,305.755,306.207,84113483
1/22/2020,307.067,307.737,306.082,306.243,52923524
1/23/2020,305.593,307,304.452,306.609,56221411
1/24/2020,307.258,307.346,302.569,303.851,94755580
1/27/2020,298.57,300.502,298.225,298.988,90951463
1/28/2020,300.444,303.031,299.096,302.119,69065207
1/29/2020,303.517,303.737,301.671,301.87,58469593
1/30/2020,299.783,303.085,299.028,302.865,81678472
1/31/2020,302.225,302.388,296.435,297.351,123175332
2/3/2020,298.855,301.468,298.75,299.553,74916767
2/4/2020,303.23,305.021,302.904,304.128,67701123
2/5/2020,307.096,307.852,305.631,307.653,71355907
2/6/2020,308.618,308.877,307.604,308.685,54486714
2/7/2020,307.623,308.704,306.493,307.03,69395734
2/10/2020,306.139,309.412,306.101,309.347,45517685
2/11/2020,310.683,311.498,309.347,309.863,59360735
2/12/2020,311.326,312.093,310.943,311.872,47597902
2/13/2020,310.406,312.505,310.131,311.537,58968407
2/14/2020,311.957,312.159,310.722,312.045,69874786
2/18/2020,311.02,312.102,309.813,311.231,62041801
2/19/2020,312.217,313.393,311.93,312.697,52815104
2/20/2020,312.168,312.974,308.408,311.432,80241122
2/21/2020,310.053,310.361,307.394,308.206,123113261
2/24/2020,298.673,308.295,296.914,298.003,174289760
2/25/2020,299.393,300.022,288.078,288.969,236853317
2/26/2020,290.385,294.013,287.17,287.906,210735723
2/27/2020,282.327,287.973,274.985,274.985,307656504
2/28/2020,266.832,275.319,263.912,273.828,417377757
3/2/2020,275.616,285.752,272.145,285.687,258265619
3/3/2020,286.059,290.078,275.014,277.494,324735843
3/4/2020,282.94,289.379,280.346,289.159,191087093
3/5/2020,281.877,285.104,277.283,279.56,201639752
3/6/2020,270.947,276.145,268.246,274.939,247406666
3/9/2020,254.454,262.658,252.754,253.442,334774403
3/10/2020,263.086,266.658,252.802,266.562,299098920
3/11/2020,259.431,260.6,250.359,253.565,277430152
3/12/2020,236.614,246.471,228.919,229.321,424363472
3/13/2020,243.17,250.896,229.685,248.923,356574364
3/16/2020,222.93,237.459,219.389,221.675,321599137
3/17/2020,226.469,236.769,219.11,233.657,283547404
3/18/2020,218.344,229.562,210.747,221.817,354444037
3/19/2020,221.12,228.64,214.641,222.297,313032262
3/20/2020,225.494,227.284,212.43,212.706,373406775
3/23/2020,212.151,213.531,202.925,207.27,350675278
3/24/2020,217.931,226.929,217.377,226.049,253299741
3/25/2020,227.657,238.318,222.91,229.446,322069575
3/26/2020,231.973,244.33,231.551,242.837,277111917
3/27/2020,235.457,242.462,233.399,235.601,241303207
3/30/2020,237.727,244.002,235.697,243.268,183887949
3/31/2020,242.232,244.8,238.206,239.64,209615626
4/1/2020,230.547,239.554,226.739,228.856,203886467
4/2/2020,227.963,234.931,227.398,234.128,191092978
4/3/2020,233.122,235.504,227.992,230.748,145810680
4/6/2020,239.715,248.235,230.73,246.252,202280171
4/7/2020,254.943,255.69,246.281,246.491,216656693
4/8/2020,249.125,256.59,246.618,254.781,165401066
4/9/2020,258.075,261.424,256.112,258.638,204669598
4/13/2020,257.662,258.006,252.339,256.283,123521804
4/14/2020,261.232,264.878,256.15,263.836,144285660
4/15/2020,258.065,263.968,256.102,258.244,130982169
4/16/2020,259.528,260.352,256.371,259.48,141763331
4/17/2020,265.328,267.11,262.552,266.478,157775326
4/20/2020,262.744,266.62,261.566,261.785,107678348
4/21/2020,257.278,258.505,252.893,253.844,135941469
4/22/2020,258.782,261.249,257.444,259.48,100595789
4/23/2020,260.782,263.968,259.164,259.461,112626581
4/24/2020,260.993,263.75,258.925,263.086,91605180
4/27/2020,265.088,268.008,264.61,266.867,83786213
4/28/2020,270.564,270.919,265.346,265.644,113229238
4/29/2020,271.043,274.153,269.998,272.602,127723694
4/30/2020,271.205,272.698,268.305,270.067,132194053
5/1/2020,265.26,270.228,261.73,262.917,134644638
5/4/2020,261.002,263.94,259.509,263.631,86987874
5/5/2020,266.478,268.915,263.77,266.076,85586061
5/6/2020,267.797,268.189,263.826,264.265,79199843
5/7/2020,267.529,269.407,266.945,267.463,80939945
5/8/2020,270.622,272.354,269.481,271.875,82415372
5/11/2020,269.931,273.33,269.5,271.933,85526141
5/12/2020,273.129,273.559,266.363,266.506,103119383
5/13/2020,265.95,267.003,259.356,261.795,155663171
5/14/2020,259.338,265.078,253.795,264.945,131200396
5/15/2020,262.524,266.199,261.556,266.162,119549823
5/18/2020,272.45,275.886,272.125,274.267,129417400
5/19/2020,273.664,275.369,271.435,271.454,102386389
5/20/2020,275.004,276.946,274.804,276.056,92353520
5/21/2020,275.923,276.756,273.034,274.153,84213573
5/22/2020,273.875,274.86,272.612,274.679,68793951
5/26/2020,280.709,280.948,274.708,278.05,95676881
5/27/2020,280.881,282.23,275.999,282.192,112742488
5/28/2020,283.236,285.275,280.997,281.666,97630577
5/29/2020,281.196,283.532,278.41,282.93,128283142
6/1/2020,282.278,284.67,281.75,284.078,61072846
6/2/2020,284.996,286.48,283.657,286.432,79882352
6/3/2020,288.433,291.2,288.155,290.251,99566422
6/4/2020,289.237,290.987,287.35,289.466,81525023
6/5/2020,294.932,298.693,294.884,296.894,161905543
6/8/2020,297.717,300.693,297.161,300.493,79209081
6/9/2020,297.79,300.568,296.914,298.244,83337278
6/10/2020,298.827,299.717,295.859,296.568,102183585
6/11/2020,289.561,290.222,278.918,279.485,225064047
6/12/2020,286.577,287.35,277.608,282.822,209398160
6/15/2020,277.091,286.615,275.876,285.467,146048981
6/16/2020,293.306,293.438,286.04,290.95,148033240
6/17/2020,291.993,292.289,289.009,289.753,89704572
6/18/2020,288.212,290.346,287.755,289.868,86939952
6/19/2020,293.372,293.562,286.24,288.212,145157604
6/22/2020,287.598,290.453,286.452,290.068,79940661
6/23/2020,292.741,293.678,290.977,291.391,73324599
6/24/2020,289.332,289.964,282.096,283.962,142227530
6/25/2020,283.389,287.272,281.341,287.004,95809605
6/26/2020,285.906,286.108,279.608,280.181,137031103
6/29/2020,281.465,284.442,279.149,284.307,85427720
6/30/2020,283.868,289.668,283.712,287.954,121432378
7/1/2020,289.074,291.246,288.614,289.974,77528127
7/2/2020,293.428,294.816,290.882,291.562,74259447
7/6/2020,295.429,296.646,294.682,296.072,66088205
7/7/2020,294.509,296.49,292.633,293.019,88786757
7/8/2020,293.774,295.363,292.001,295.247,58511468
7/9/2020,295.878,296.109,290.127,293.562,89262436
7/10/2020,293.496,296.836,292.061,296.558,61629630
7/13/2020,298.941,301.355,293.342,293.994,110298114
7/14/2020,292.567,298.598,291.352,297.82,100295510
7/15/2020,301.067,301.652,298.128,300.559,93377157
7/16/2020,298.623,300.012,297.975,299.544,58494253
7/17/2020,300.587,301.218,298.579,300.435,67224498
7/20/2020,300.157,303.621,299.393,302.855,60300111
7/21/2020,304.836,305.297,302.502,303.507,61574589
7/22/2020,303.133,305.546,303.031,305.231,61889371
7/23/2020,304.855,305.575,300.204,301.572,81106421
7/24/2020,299.699,300.693,298.108,299.631,78995294
7/27/2020,300.349,301.994,299.535,301.821,51716054
7/28/2020,301.086,302.215,299.602,299.907,61570318
7/29/2020,300.809,304.166,300.77,303.612,51888668
7/30/2020,300.606,302.942,298.482,302.52,66246574
7/31/2020,304.322,305.011,300.062,304.904,91250633
8/3/2020,306.6,307.794,306.033,307.02,56840199
8/4/2020,306.159,308.206,306.159,308.206,44889101
8/5/2020,309.546,310.38,309.269,310.121,45904792
8/6/2020,309.556,312.332,309.22,312.217,46775517
8/7/2020,311.222,312.697,310.302,312.437,61370374
8/10/2020,312.866,313.537,310.915,313.355,47420876
8/11/2020,314.571,315.193,310.034,310.761,74534525
8/12/2020,313.232,315.882,310.801,315.098,57641412
8/13/2020,314.342,315.852,313.595,314.551,44780142
8/14/2020,314.152,315.079,313.393,314.561,50610283
8/17/2020,315.566,315.94,314.571,315.537,37995923
8/18/2020,315.94,316.659,314.342,316.226,41479430
8/19/2020,316.609,317.126,314.351,314.904,72878041
8/20/2020,313.155,316.372,313.022,315.882,45199586
8/21/2020,315.547,317.232,315.202,317.012,59012676
8/24/2020,319.462,320.305,316.983,320.227,52032705
8/25/2020,320.802,321.424,319.606,321.347,41189728
8/26/2020,321.933,324.831,321.386,324.554,54390331
8/27/2020,325.444,326.745,323.596,325.271,62147697
8/28/2020,326.315,327.502,325.099,327.377,52033003
8/31/2020,327.157,328.038,325.949,326.189,70784401
9/1/2020,327.033,329.367,326.125,329.264,58897767
9/2/2020,331.185,335.006,330.048,334.01,74469146
9/3/2020,332.325,332.795,319.911,322.524,158502400
9/4/2020,323.224,324.802,312.687,319.892,149019906
9/8/2020,314.438,319.959,310.84,311.154,122578811
9/9/2020,315.202,319.788,314.342,317.299,97945286
9/10/2020,319.184,319.855,310.811,311.796,96989265
9/11/2020,313.585,314.686,309.095,311.957,90682465
9/14/2020,315.143,317.854,312.112,316.057,70255924
9/15/2020,318.545,319.376,316.065,317.663,56671979
9/16/2020,318.905,320.362,316.112,316.391,88038525
9/17/2020,311.49,315.337,310.943,313.605,98010663
9/18/2020,314.438,314.551,307.489,309.996,112930346
9/21/2020,305.365,306.704,301.632,306.56,106075133
9/22/2020,308.054,310.235,305.517,309.671,67849234
9/23/2020,310.235,310.503,301.977,302.493,99314337
9/24/2020,301.162,306.398,299.823,303.307,81788985
9/25/2020,302.434,309.001,301.543,308.196,75803276
9/28/2020,312.418,314.044,311.412,313.317,68886519
9/29/2020,313.105,313.862,310.905,311.622,54964052
9/30/2020,312.303,317.166,312.102,313.977,111013858
10/1/2020,316.6,317.597,314.092,315.988,94606863
10/2/2020,310.981,315.959,310.503,312.984,95388014
10/5/2020,315.069,318.723,315.032,318.545,48758005
10/6/2020,318.675,320.812,313.491,314.017,96132262
10/7/2020,317.002,320.305,316.975,319.472,60796274
10/8/2020,321.433,322.373,320.515,322.303,48256025
10/9/2020,323.981,325.664,323.357,325.186,63493737
10/12/2020,327.761,331.916,327.262,330.419,85743119
10/13/2020,330.279,330.449,327.291,328.258,78134975
10/14/2020,328.84,329.961,325.463,326.199,61819314
10/15/2020,322.239,326.285,321.691,325.808,64378011
10/16/2020,327.167,328.84,325.426,325.607,95463482
10/19/2020,326.879,327.512,319.738,320.659,72983363
10/20/2020,322.007,325.214,321.242,321.933,64051865
10/21/2020,321.885,326.907,321.023,321.329,67809633
10/22/2020,321.539,323.685,319.366,323.098,59089374
10/23/2020,324.325,324.38,321.691,324.181,52417351
10/26/2020,320.773,321.549,314.676,318.198,97565911
10/27/2020,318.545,318.88,316.888,317.096,70389898
10/28/2020,311.366,317.126,305.765,306.263,135559909
10/29/2020,306.503,312.57,304.779,309.384,96632295
10/30/2020,307.776,309.105,302.454,306.149,128471631
11/2/2020,309.586,311.613,306.8,309.586,91801206
11/3/2020,312.837,317.126,309.663,315.042,99508408
11/4/2020,319.568,326.209,318.38,322.074,135416336
11/5/2020,327.436,330.211,327.08,328.363,87504321
11/6/2020,328.067,329.571,325.932,328.287,79966834
11/9/2020,341.246,341.629,331.955,332.43,183781184
11/10/2020,331.406,333.006,328.611,331.935,91250540
11/11/2020,334.135,335.235,332.891,334.392,62555593
11/12/2020,333.378,334.432,329.332,331.147,72655860
11/13/2020,333.09,336.487,332.566,335.743,67153084
11/16/2020,338.442,340.116,337.12,339.916,79506237
11/17/2020,337.486,339.331,335.972,338.105,70514585
11/18/2020,338.372,338.939,333.98,334.019,75293302
11/19/2020,333.398,335.819,332.036,335.447,63933542
11/20/2020,335.177,335.388,333.071,333.15,75101943
11/23/2020,334.966,336.412,332.707,335.14,67442324
11/24/2020,337.713,341.102,336.833,340.539,66573326
11/25/2020,340.45,340.48,338.92,340.001,48350326
11/27/2020,341.132,341.437,339.926,340.969,30413360
11/30/2020,340.164,340.44,336.728,339.437,89459371
12/1/2020,342.73,344.729,342.145,343.16,79467658
12/2/2020,342.05,344.05,341.457,343.888,48986143
12/3/2020,343.782,345.199,342.663,343.792,67070494
12/4/2020,344.384,346.759,344.291,346.759,54130248
12/7/2020,345.962,346.538,344.767,346.031,52014633
12/8/2020,344.767,347.63,344.719,347.055,45096651
12/9/2020,347.725,347.888,343.092,343.945,78973599
12/10/2020,342.537,344.891,341.678,343.83,61581039
12/11/2020,342.116,343.84,340.577,343.427,61541850
12/14/2020,345.61,346.71,341.713,341.897,73826581
12/15/2020,344.46,346.512,343.064,346.512,68338799
12/16/2020,346.73,347.984,345.823,347.055,62311838
12/17/2020,348.701,349.199,347.888,348.988,68390394
12/18/2020,349.284,349.46,345.565,347.6,145019083
12/21/2020,343.639,356.34,340.872,346.356,102370581
12/22/2020,346.692,346.808,344.643,345.763,51392492
12/23/2020,346.759,348.021,345.743,346.08,49069655
12/24/2020,346.567,347.467,345.962,347.439,28100398
12/28/2020,350.013,350.816,349.381,350.414,41421606
12/29/2020,351.956,352.139,349.152,349.754,57013016
12/30/2020,350.578,351.285,349.859,350.243,52525516
